Sted,Land,Path ID,Path order,Latitude,Longitude,Pil
Algiers,Algeria,1,1,36.74,3.06,"<svg xmlns=""http://www.w3.org/2000/svg"" viewBox=""0 0 22 22""><polygon points=""3,10 13,10 13,7 19,11 13,15 13,12 3,12"" fill=""#0078d4"" transform=""rotate(24,11,11)""/></svg>"
Brisbane,Australia,1,2,-27.47,153.02,"<svg xmlns=""http://www.w3.org/2000/svg"" viewBox=""0 0 62 36""><circle cx=""9""  cy=""13"" r=""7"" fill=""none"" stroke=""#0081c8"" stroke-width=""2.5""/><circle cx=""23"" cy=""13"" r=""7"" fill=""none"" stroke=""#000""    stroke-width=""2.5""/><circle cx=""37"" cy=""13"" r=""7"" fill=""none"" stroke=""#ee334e"" stroke-width=""2.5""/><circle cx=""16"" cy=""23"" r=""7"" fill=""none"" stroke=""#fcb131"" stroke-width=""2.5""/><circle cx=""30"" cy=""23"" r=""7"" fill=""none"" stroke=""#00a651"" stroke-width=""2.5""/></svg>"
Luanda,Angola,2,1,-8.84,13.23,"<svg xmlns=""http://www.w3.org/2000/svg"" viewBox=""0 0 22 22""><polygon points=""3,10 13,10 13,7 19,11 13,15 13,12 3,12"" fill=""#0078d4"" transform=""rotate(8,11,11)""/></svg>"
Brisbane,Australia,2,2,-27.47,153.02,"<svg xmlns=""http://www.w3.org/2000/svg"" viewBox=""0 0 62 36""><circle cx=""9""  cy=""13"" r=""7"" fill=""none"" stroke=""#0081c8"" stroke-width=""2.5""/><circle cx=""23"" cy=""13"" r=""7"" fill=""none"" stroke=""#000""    stroke-width=""2.5""/><circle cx=""37"" cy=""13"" r=""7"" fill=""none"" stroke=""#ee334e"" stroke-width=""2.5""/><circle cx=""16"" cy=""23"" r=""7"" fill=""none"" stroke=""#fcb131"" stroke-width=""2.5""/><circle cx=""30"" cy=""23"" r=""7"" fill=""none"" stroke=""#00a651"" stroke-width=""2.5""/></svg>"
Gaborone,Botswana,3,1,-24.63,25.9,"<svg xmlns=""http://www.w3.org/2000/svg"" viewBox=""0 0 22 22""><polygon points=""3,10 13,10 13,7 19,11 13,15 13,12 3,12"" fill=""#0078d4"" transform=""rotate(1,11,11)""/></svg>"
Brisbane,Australia,3,2,-27.47,153.02,"<svg xmlns=""http://www.w3.org/2000/svg"" viewBox=""0 0 62 36""><circle cx=""9""  cy=""13"" r=""7"" fill=""none"" stroke=""#0081c8"" stroke-width=""2.5""/><circle cx=""23"" cy=""13"" r=""7"" fill=""none"" stroke=""#000""    stroke-width=""2.5""/><circle cx=""37"" cy=""13"" r=""7"" fill=""none"" stroke=""#ee334e"" stroke-width=""2.5""/><circle cx=""16"" cy=""23"" r=""7"" fill=""none"" stroke=""#fcb131"" stroke-width=""2.5""/><circle cx=""30"" cy=""23"" r=""7"" fill=""none"" stroke=""#00a651"" stroke-width=""2.5""/></svg>"
Yaoundé,Cameroon,4,1,3.87,11.52,"<svg xmlns=""http://www.w3.org/2000/svg"" viewBox=""0 0 22 22""><polygon points=""3,10 13,10 13,7 19,11 13,15 13,12 3,12"" fill=""#0078d4"" transform=""rotate(13,11,11)""/></svg>"
Brisbane,Australia,4,2,-27.47,153.02,"<svg xmlns=""http://www.w3.org/2000/svg"" viewBox=""0 0 62 36""><circle cx=""9""  cy=""13"" r=""7"" fill=""none"" stroke=""#0081c8"" stroke-width=""2.5""/><circle cx=""23"" cy=""13"" r=""7"" fill=""none"" stroke=""#000""    stroke-width=""2.5""/><circle cx=""37"" cy=""13"" r=""7"" fill=""none"" stroke=""#ee334e"" stroke-width=""2.5""/><circle cx=""16"" cy=""23"" r=""7"" fill=""none"" stroke=""#fcb131"" stroke-width=""2.5""/><circle cx=""30"" cy=""23"" r=""7"" fill=""none"" stroke=""#00a651"" stroke-width=""2.5""/></svg>"
Yamoussoukro,Côte d'Ivoire,5,1,6.82,-5.28,"<svg xmlns=""http://www.w3.org/2000/svg"" viewBox=""0 0 22 22""><polygon points=""3,10 13,10 13,7 19,11 13,15 13,12 3,12"" fill=""#0078d4"" transform=""rotate(13,11,11)""/></svg>"
Brisbane,Australia,5,2,-27.47,153.02,"<svg xmlns=""http://www.w3.org/2000/svg"" viewBox=""0 0 62 36""><circle cx=""9""  cy=""13"" r=""7"" fill=""none"" stroke=""#0081c8"" stroke-width=""2.5""/><circle cx=""23"" cy=""13"" r=""7"" fill=""none"" stroke=""#000""    stroke-width=""2.5""/><circle cx=""37"" cy=""13"" r=""7"" fill=""none"" stroke=""#ee334e"" stroke-width=""2.5""/><circle cx=""16"" cy=""23"" r=""7"" fill=""none"" stroke=""#fcb131"" stroke-width=""2.5""/><circle cx=""30"" cy=""23"" r=""7"" fill=""none"" stroke=""#00a651"" stroke-width=""2.5""/></svg>"
Kinshasa,DR Congo,6,1,-4.32,15.32,"<svg xmlns=""http://www.w3.org/2000/svg"" viewBox=""0 0 22 22""><polygon points=""3,10 13,10 13,7 19,11 13,15 13,12 3,12"" fill=""#0078d4"" transform=""rotate(10,11,11)""/></svg>"
Brisbane,Australia,6,2,-27.47,153.02,"<svg xmlns=""http://www.w3.org/2000/svg"" viewBox=""0 0 62 36""><circle cx=""9""  cy=""13"" r=""7"" fill=""none"" stroke=""#0081c8"" stroke-width=""2.5""/><circle cx=""23"" cy=""13"" r=""7"" fill=""none"" stroke=""#000""    stroke-width=""2.5""/><circle cx=""37"" cy=""13"" r=""7"" fill=""none"" stroke=""#ee334e"" stroke-width=""2.5""/><circle cx=""16"" cy=""23"" r=""7"" fill=""none"" stroke=""#fcb131"" stroke-width=""2.5""/><circle cx=""30"" cy=""23"" r=""7"" fill=""none"" stroke=""#00a651"" stroke-width=""2.5""/></svg>"
Cairo,Egypt,7,1,30.04,31.24,"<svg xmlns=""http://www.w3.org/2000/svg"" viewBox=""0 0 22 22""><polygon points=""3,10 13,10 13,7 19,11 13,15 13,12 3,12"" fill=""#0078d4"" transform=""rotate(26,11,11)""/></svg>"
Brisbane,Australia,7,2,-27.47,153.02,"<svg xmlns=""http://www.w3.org/2000/svg"" viewBox=""0 0 62 36""><circle cx=""9""  cy=""13"" r=""7"" fill=""none"" stroke=""#0081c8"" stroke-width=""2.5""/><circle cx=""23"" cy=""13"" r=""7"" fill=""none"" stroke=""#000""    stroke-width=""2.5""/><circle cx=""37"" cy=""13"" r=""7"" fill=""none"" stroke=""#ee334e"" stroke-width=""2.5""/><circle cx=""16"" cy=""23"" r=""7"" fill=""none"" stroke=""#fcb131"" stroke-width=""2.5""/><circle cx=""30"" cy=""23"" r=""7"" fill=""none"" stroke=""#00a651"" stroke-width=""2.5""/></svg>"
Addis Ababa,Ethiopia,8,1,9.02,38.75,"<svg xmlns=""http://www.w3.org/2000/svg"" viewBox=""0 0 22 22""><polygon points=""3,10 13,10 13,7 19,11 13,15 13,12 3,12"" fill=""#0078d4"" transform=""rotate(18,11,11)""/></svg>"
Brisbane,Australia,8,2,-27.47,153.02,"<svg xmlns=""http://www.w3.org/2000/svg"" viewBox=""0 0 62 36""><circle cx=""9""  cy=""13"" r=""7"" fill=""none"" stroke=""#0081c8"" stroke-width=""2.5""/><circle cx=""23"" cy=""13"" r=""7"" fill=""none"" stroke=""#000""    stroke-width=""2.5""/><circle cx=""37"" cy=""13"" r=""7"" fill=""none"" stroke=""#ee334e"" stroke-width=""2.5""/><circle cx=""16"" cy=""23"" r=""7"" fill=""none"" stroke=""#fcb131"" stroke-width=""2.5""/><circle cx=""30"" cy=""23"" r=""7"" fill=""none"" stroke=""#00a651"" stroke-width=""2.5""/></svg>"
Accra,Ghana,9,1,5.56,-0.2,"<svg xmlns=""http://www.w3.org/2000/svg"" viewBox=""0 0 22 22""><polygon points=""3,10 13,10 13,7 19,11 13,15 13,12 3,12"" fill=""#0078d4"" transform=""rotate(13,11,11)""/></svg>"
Brisbane,Australia,9,2,-27.47,153.02,"<svg xmlns=""http://www.w3.org/2000/svg"" viewBox=""0 0 62 36""><circle cx=""9""  cy=""13"" r=""7"" fill=""none"" stroke=""#0081c8"" stroke-width=""2.5""/><circle cx=""23"" cy=""13"" r=""7"" fill=""none"" stroke=""#000""    stroke-width=""2.5""/><circle cx=""37"" cy=""13"" r=""7"" fill=""none"" stroke=""#ee334e"" stroke-width=""2.5""/><circle cx=""16"" cy=""23"" r=""7"" fill=""none"" stroke=""#fcb131"" stroke-width=""2.5""/><circle cx=""30"" cy=""23"" r=""7"" fill=""none"" stroke=""#00a651"" stroke-width=""2.5""/></svg>"
Nairobi,Kenya,10,1,-1.29,36.82,"<svg xmlns=""http://www.w3.org/2000/svg"" viewBox=""0 0 22 22""><polygon points=""3,10 13,10 13,7 19,11 13,15 13,12 3,12"" fill=""#0078d4"" transform=""rotate(13,11,11)""/></svg>"
Brisbane,Australia,10,2,-27.47,153.02,"<svg xmlns=""http://www.w3.org/2000/svg"" viewBox=""0 0 62 36""><circle cx=""9""  cy=""13"" r=""7"" fill=""none"" stroke=""#0081c8"" stroke-width=""2.5""/><circle cx=""23"" cy=""13"" r=""7"" fill=""none"" stroke=""#000""    stroke-width=""2.5""/><circle cx=""37"" cy=""13"" r=""7"" fill=""none"" stroke=""#ee334e"" stroke-width=""2.5""/><circle cx=""16"" cy=""23"" r=""7"" fill=""none"" stroke=""#fcb131"" stroke-width=""2.5""/><circle cx=""30"" cy=""23"" r=""7"" fill=""none"" stroke=""#00a651"" stroke-width=""2.5""/></svg>"
Tripoli,Libya,11,1,32.89,13.18,"<svg xmlns=""http://www.w3.org/2000/svg"" viewBox=""0 0 22 22""><polygon points=""3,10 13,10 13,7 19,11 13,15 13,12 3,12"" fill=""#0078d4"" transform=""rotate(24,11,11)""/></svg>"
Brisbane,Australia,11,2,-27.47,153.02,"<svg xmlns=""http://www.w3.org/2000/svg"" viewBox=""0 0 62 36""><circle cx=""9""  cy=""13"" r=""7"" fill=""none"" stroke=""#0081c8"" stroke-width=""2.5""/><circle cx=""23"" cy=""13"" r=""7"" fill=""none"" stroke=""#000""    stroke-width=""2.5""/><circle cx=""37"" cy=""13"" r=""7"" fill=""none"" stroke=""#ee334e"" stroke-width=""2.5""/><circle cx=""16"" cy=""23"" r=""7"" fill=""none"" stroke=""#fcb131"" stroke-width=""2.5""/><circle cx=""30"" cy=""23"" r=""7"" fill=""none"" stroke=""#00a651"" stroke-width=""2.5""/></svg>"
Antananarivo,Madagascar,12,1,-18.91,47.54,"<svg xmlns=""http://www.w3.org/2000/svg"" viewBox=""0 0 22 22""><polygon points=""3,10 13,10 13,7 19,11 13,15 13,12 3,12"" fill=""#0078d4"" transform=""rotate(5,11,11)""/></svg>"
Brisbane,Australia,12,2,-27.47,153.02,"<svg xmlns=""http://www.w3.org/2000/svg"" viewBox=""0 0 62 36""><circle cx=""9""  cy=""13"" r=""7"" fill=""none"" stroke=""#0081c8"" stroke-width=""2.5""/><circle cx=""23"" cy=""13"" r=""7"" fill=""none"" stroke=""#000""    stroke-width=""2.5""/><circle cx=""37"" cy=""13"" r=""7"" fill=""none"" stroke=""#ee334e"" stroke-width=""2.5""/><circle cx=""16"" cy=""23"" r=""7"" fill=""none"" stroke=""#fcb131"" stroke-width=""2.5""/><circle cx=""30"" cy=""23"" r=""7"" fill=""none"" stroke=""#00a651"" stroke-width=""2.5""/></svg>"
Rabat,Morocco,13,1,34.02,-6.83,"<svg xmlns=""http://www.w3.org/2000/svg"" viewBox=""0 0 22 22""><polygon points=""3,10 13,10 13,7 19,11 13,15 13,12 3,12"" fill=""#0078d4"" transform=""rotate(22,11,11)""/></svg>"
Brisbane,Australia,13,2,-27.47,153.02,"<svg xmlns=""http://www.w3.org/2000/svg"" viewBox=""0 0 62 36""><circle cx=""9""  cy=""13"" r=""7"" fill=""none"" stroke=""#0081c8"" stroke-width=""2.5""/><circle cx=""23"" cy=""13"" r=""7"" fill=""none"" stroke=""#000""    stroke-width=""2.5""/><circle cx=""37"" cy=""13"" r=""7"" fill=""none"" stroke=""#ee334e"" stroke-width=""2.5""/><circle cx=""16"" cy=""23"" r=""7"" fill=""none"" stroke=""#fcb131"" stroke-width=""2.5""/><circle cx=""30"" cy=""23"" r=""7"" fill=""none"" stroke=""#00a651"" stroke-width=""2.5""/></svg>"
Maputo,Mozambique,14,1,-25.97,32.59,"<svg xmlns=""http://www.w3.org/2000/svg"" viewBox=""0 0 22 22""><polygon points=""3,10 13,10 13,7 19,11 13,15 13,12 3,12"" fill=""#0078d4"" transform=""rotate(1,11,11)""/></svg>"
Brisbane,Australia,14,2,-27.47,153.02,"<svg xmlns=""http://www.w3.org/2000/svg"" viewBox=""0 0 62 36""><circle cx=""9""  cy=""13"" r=""7"" fill=""none"" stroke=""#0081c8"" stroke-width=""2.5""/><circle cx=""23"" cy=""13"" r=""7"" fill=""none"" stroke=""#000""    stroke-width=""2.5""/><circle cx=""37"" cy=""13"" r=""7"" fill=""none"" stroke=""#ee334e"" stroke-width=""2.5""/><circle cx=""16"" cy=""23"" r=""7"" fill=""none"" stroke=""#fcb131"" stroke-width=""2.5""/><circle cx=""30"" cy=""23"" r=""7"" fill=""none"" stroke=""#00a651"" stroke-width=""2.5""/></svg>"
Windhoek,Namibia,15,1,-22.56,17.08,"<svg xmlns=""http://www.w3.org/2000/svg"" viewBox=""0 0 22 22""><polygon points=""3,10 13,10 13,7 19,11 13,15 13,12 3,12"" fill=""#0078d4"" transform=""rotate(2,11,11)""/></svg>"
Brisbane,Australia,15,2,-27.47,153.02,"<svg xmlns=""http://www.w3.org/2000/svg"" viewBox=""0 0 62 36""><circle cx=""9""  cy=""13"" r=""7"" fill=""none"" stroke=""#0081c8"" stroke-width=""2.5""/><circle cx=""23"" cy=""13"" r=""7"" fill=""none"" stroke=""#000""    stroke-width=""2.5""/><circle cx=""37"" cy=""13"" r=""7"" fill=""none"" stroke=""#ee334e"" stroke-width=""2.5""/><circle cx=""16"" cy=""23"" r=""7"" fill=""none"" stroke=""#fcb131"" stroke-width=""2.5""/><circle cx=""30"" cy=""23"" r=""7"" fill=""none"" stroke=""#00a651"" stroke-width=""2.5""/></svg>"
Abuja,Nigeria,16,1,9.06,7.49,"<svg xmlns=""http://www.w3.org/2000/svg"" viewBox=""0 0 22 22""><polygon points=""3,10 13,10 13,7 19,11 13,15 13,12 3,12"" fill=""#0078d4"" transform=""rotate(15,11,11)""/></svg>"
Brisbane,Australia,16,2,-27.47,153.02,"<svg xmlns=""http://www.w3.org/2000/svg"" viewBox=""0 0 62 36""><circle cx=""9""  cy=""13"" r=""7"" fill=""none"" stroke=""#0081c8"" stroke-width=""2.5""/><circle cx=""23"" cy=""13"" r=""7"" fill=""none"" stroke=""#000""    stroke-width=""2.5""/><circle cx=""37"" cy=""13"" r=""7"" fill=""none"" stroke=""#ee334e"" stroke-width=""2.5""/><circle cx=""16"" cy=""23"" r=""7"" fill=""none"" stroke=""#fcb131"" stroke-width=""2.5""/><circle cx=""30"" cy=""23"" r=""7"" fill=""none"" stroke=""#00a651"" stroke-width=""2.5""/></svg>"
Kigali,Rwanda,17,1,-1.94,30.06,"<svg xmlns=""http://www.w3.org/2000/svg"" viewBox=""0 0 22 22""><polygon points=""3,10 13,10 13,7 19,11 13,15 13,12 3,12"" fill=""#0078d4"" transform=""rotate(12,11,11)""/></svg>"
Brisbane,Australia,17,2,-27.47,153.02,"<svg xmlns=""http://www.w3.org/2000/svg"" viewBox=""0 0 62 36""><circle cx=""9""  cy=""13"" r=""7"" fill=""none"" stroke=""#0081c8"" stroke-width=""2.5""/><circle cx=""23"" cy=""13"" r=""7"" fill=""none"" stroke=""#000""    stroke-width=""2.5""/><circle cx=""37"" cy=""13"" r=""7"" fill=""none"" stroke=""#ee334e"" stroke-width=""2.5""/><circle cx=""16"" cy=""23"" r=""7"" fill=""none"" stroke=""#fcb131"" stroke-width=""2.5""/><circle cx=""30"" cy=""23"" r=""7"" fill=""none"" stroke=""#00a651"" stroke-width=""2.5""/></svg>"
Dakar,Senegal,18,1,14.69,-17.44,"<svg xmlns=""http://www.w3.org/2000/svg"" viewBox=""0 0 22 22""><polygon points=""3,10 13,10 13,7 19,11 13,15 13,12 3,12"" fill=""#0078d4"" transform=""rotate(14,11,11)""/></svg>"
Brisbane,Australia,18,2,-27.47,153.02,"<svg xmlns=""http://www.w3.org/2000/svg"" viewBox=""0 0 62 36""><circle cx=""9""  cy=""13"" r=""7"" fill=""none"" stroke=""#0081c8"" stroke-width=""2.5""/><circle cx=""23"" cy=""13"" r=""7"" fill=""none"" stroke=""#000""    stroke-width=""2.5""/><circle cx=""37"" cy=""13"" r=""7"" fill=""none"" stroke=""#ee334e"" stroke-width=""2.5""/><circle cx=""16"" cy=""23"" r=""7"" fill=""none"" stroke=""#fcb131"" stroke-width=""2.5""/><circle cx=""30"" cy=""23"" r=""7"" fill=""none"" stroke=""#00a651"" stroke-width=""2.5""/></svg>"
Pretoria,South Africa,19,1,-25.74,28.19,"<svg xmlns=""http://www.w3.org/2000/svg"" viewBox=""0 0 22 22""><polygon points=""3,10 13,10 13,7 19,11 13,15 13,12 3,12"" fill=""#0078d4"" transform=""rotate(1,11,11)""/></svg>"
Brisbane,Australia,19,2,-27.47,153.02,"<svg xmlns=""http://www.w3.org/2000/svg"" viewBox=""0 0 62 36""><circle cx=""9""  cy=""13"" r=""7"" fill=""none"" stroke=""#0081c8"" stroke-width=""2.5""/><circle cx=""23"" cy=""13"" r=""7"" fill=""none"" stroke=""#000""    stroke-width=""2.5""/><circle cx=""37"" cy=""13"" r=""7"" fill=""none"" stroke=""#ee334e"" stroke-width=""2.5""/><circle cx=""16"" cy=""23"" r=""7"" fill=""none"" stroke=""#fcb131"" stroke-width=""2.5""/><circle cx=""30"" cy=""23"" r=""7"" fill=""none"" stroke=""#00a651"" stroke-width=""2.5""/></svg>"
Juba,South Sudan,20,1,4.86,31.6,"<svg xmlns=""http://www.w3.org/2000/svg"" viewBox=""0 0 22 22""><polygon points=""3,10 13,10 13,7 19,11 13,15 13,12 3,12"" fill=""#0078d4"" transform=""rotate(15,11,11)""/></svg>"
Brisbane,Australia,20,2,-27.47,153.02,"<svg xmlns=""http://www.w3.org/2000/svg"" viewBox=""0 0 62 36""><circle cx=""9""  cy=""13"" r=""7"" fill=""none"" stroke=""#0081c8"" stroke-width=""2.5""/><circle cx=""23"" cy=""13"" r=""7"" fill=""none"" stroke=""#000""    stroke-width=""2.5""/><circle cx=""37"" cy=""13"" r=""7"" fill=""none"" stroke=""#ee334e"" stroke-width=""2.5""/><circle cx=""16"" cy=""23"" r=""7"" fill=""none"" stroke=""#fcb131"" stroke-width=""2.5""/><circle cx=""30"" cy=""23"" r=""7"" fill=""none"" stroke=""#00a651"" stroke-width=""2.5""/></svg>"
Khartoum,Sudan,21,1,15.55,32.53,"<svg xmlns=""http://www.w3.org/2000/svg"" viewBox=""0 0 22 22""><polygon points=""3,10 13,10 13,7 19,11 13,15 13,12 3,12"" fill=""#0078d4"" transform=""rotate(20,11,11)""/></svg>"
Brisbane,Australia,21,2,-27.47,153.02,"<svg xmlns=""http://www.w3.org/2000/svg"" viewBox=""0 0 62 36""><circle cx=""9""  cy=""13"" r=""7"" fill=""none"" stroke=""#0081c8"" stroke-width=""2.5""/><circle cx=""23"" cy=""13"" r=""7"" fill=""none"" stroke=""#000""    stroke-width=""2.5""/><circle cx=""37"" cy=""13"" r=""7"" fill=""none"" stroke=""#ee334e"" stroke-width=""2.5""/><circle cx=""16"" cy=""23"" r=""7"" fill=""none"" stroke=""#fcb131"" stroke-width=""2.5""/><circle cx=""30"" cy=""23"" r=""7"" fill=""none"" stroke=""#00a651"" stroke-width=""2.5""/></svg>"
Dodoma,Tanzania,22,1,-6.17,35.74,"<svg xmlns=""http://www.w3.org/2000/svg"" viewBox=""0 0 22 22""><polygon points=""3,10 13,10 13,7 19,11 13,15 13,12 3,12"" fill=""#0078d4"" transform=""rotate(11,11,11)""/></svg>"
Brisbane,Australia,22,2,-27.47,153.02,"<svg xmlns=""http://www.w3.org/2000/svg"" viewBox=""0 0 62 36""><circle cx=""9""  cy=""13"" r=""7"" fill=""none"" stroke=""#0081c8"" stroke-width=""2.5""/><circle cx=""23"" cy=""13"" r=""7"" fill=""none"" stroke=""#000""    stroke-width=""2.5""/><circle cx=""37"" cy=""13"" r=""7"" fill=""none"" stroke=""#ee334e"" stroke-width=""2.5""/><circle cx=""16"" cy=""23"" r=""7"" fill=""none"" stroke=""#fcb131"" stroke-width=""2.5""/><circle cx=""30"" cy=""23"" r=""7"" fill=""none"" stroke=""#00a651"" stroke-width=""2.5""/></svg>"
Tunis,Tunisia,23,1,36.82,10.17,"<svg xmlns=""http://www.w3.org/2000/svg"" viewBox=""0 0 22 22""><polygon points=""3,10 13,10 13,7 19,11 13,15 13,12 3,12"" fill=""#0078d4"" transform=""rotate(26,11,11)""/></svg>"
Brisbane,Australia,23,2,-27.47,153.02,"<svg xmlns=""http://www.w3.org/2000/svg"" viewBox=""0 0 62 36""><circle cx=""9""  cy=""13"" r=""7"" fill=""none"" stroke=""#0081c8"" stroke-width=""2.5""/><circle cx=""23"" cy=""13"" r=""7"" fill=""none"" stroke=""#000""    stroke-width=""2.5""/><circle cx=""37"" cy=""13"" r=""7"" fill=""none"" stroke=""#ee334e"" stroke-width=""2.5""/><circle cx=""16"" cy=""23"" r=""7"" fill=""none"" stroke=""#fcb131"" stroke-width=""2.5""/><circle cx=""30"" cy=""23"" r=""7"" fill=""none"" stroke=""#00a651"" stroke-width=""2.5""/></svg>"
Kampala,Uganda,24,1,0.32,32.58,"<svg xmlns=""http://www.w3.org/2000/svg"" viewBox=""0 0 22 22""><polygon points=""3,10 13,10 13,7 19,11 13,15 13,12 3,12"" fill=""#0078d4"" transform=""rotate(13,11,11)""/></svg>"
Brisbane,Australia,24,2,-27.47,153.02,"<svg xmlns=""http://www.w3.org/2000/svg"" viewBox=""0 0 62 36""><circle cx=""9""  cy=""13"" r=""7"" fill=""none"" stroke=""#0081c8"" stroke-width=""2.5""/><circle cx=""23"" cy=""13"" r=""7"" fill=""none"" stroke=""#000""    stroke-width=""2.5""/><circle cx=""37"" cy=""13"" r=""7"" fill=""none"" stroke=""#ee334e"" stroke-width=""2.5""/><circle cx=""16"" cy=""23"" r=""7"" fill=""none"" stroke=""#fcb131"" stroke-width=""2.5""/><circle cx=""30"" cy=""23"" r=""7"" fill=""none"" stroke=""#00a651"" stroke-width=""2.5""/></svg>"
Lusaka,Zambia,25,1,-15.41,28.28,"<svg xmlns=""http://www.w3.org/2000/svg"" viewBox=""0 0 22 22""><polygon points=""3,10 13,10 13,7 19,11 13,15 13,12 3,12"" fill=""#0078d4"" transform=""rotate(6,11,11)""/></svg>"
Brisbane,Australia,25,2,-27.47,153.02,"<svg xmlns=""http://www.w3.org/2000/svg"" viewBox=""0 0 62 36""><circle cx=""9""  cy=""13"" r=""7"" fill=""none"" stroke=""#0081c8"" stroke-width=""2.5""/><circle cx=""23"" cy=""13"" r=""7"" fill=""none"" stroke=""#000""    stroke-width=""2.5""/><circle cx=""37"" cy=""13"" r=""7"" fill=""none"" stroke=""#ee334e"" stroke-width=""2.5""/><circle cx=""16"" cy=""23"" r=""7"" fill=""none"" stroke=""#fcb131"" stroke-width=""2.5""/><circle cx=""30"" cy=""23"" r=""7"" fill=""none"" stroke=""#00a651"" stroke-width=""2.5""/></svg>"
Harare,Zimbabwe,26,1,-17.83,31.05,"<svg xmlns=""http://www.w3.org/2000/svg"" viewBox=""0 0 22 22""><polygon points=""3,10 13,10 13,7 19,11 13,15 13,12 3,12"" fill=""#0078d4"" transform=""rotate(5,11,11)""/></svg>"
Brisbane,Australia,26,2,-27.47,153.02,"<svg xmlns=""http://www.w3.org/2000/svg"" viewBox=""0 0 62 36""><circle cx=""9""  cy=""13"" r=""7"" fill=""none"" stroke=""#0081c8"" stroke-width=""2.5""/><circle cx=""23"" cy=""13"" r=""7"" fill=""none"" stroke=""#000""    stroke-width=""2.5""/><circle cx=""37"" cy=""13"" r=""7"" fill=""none"" stroke=""#ee334e"" stroke-width=""2.5""/><circle cx=""16"" cy=""23"" r=""7"" fill=""none"" stroke=""#fcb131"" stroke-width=""2.5""/><circle cx=""30"" cy=""23"" r=""7"" fill=""none"" stroke=""#00a651"" stroke-width=""2.5""/></svg>"
Kabul,Afghanistan,27,1,34.53,69.17,"<svg xmlns=""http://www.w3.org/2000/svg"" viewBox=""0 0 22 22""><polygon points=""3,10 13,10 13,7 19,11 13,15 13,12 3,12"" fill=""#0078d4"" transform=""rotate(38,11,11)""/></svg>"
Brisbane,Australia,27,2,-27.47,153.02,"<svg xmlns=""http://www.w3.org/2000/svg"" viewBox=""0 0 62 36""><circle cx=""9""  cy=""13"" r=""7"" fill=""none"" stroke=""#0081c8"" stroke-width=""2.5""/><circle cx=""23"" cy=""13"" r=""7"" fill=""none"" stroke=""#000""    stroke-width=""2.5""/><circle cx=""37"" cy=""13"" r=""7"" fill=""none"" stroke=""#ee334e"" stroke-width=""2.5""/><circle cx=""16"" cy=""23"" r=""7"" fill=""none"" stroke=""#fcb131"" stroke-width=""2.5""/><circle cx=""30"" cy=""23"" r=""7"" fill=""none"" stroke=""#00a651"" stroke-width=""2.5""/></svg>"
Yerevan,Armenia,28,1,40.19,44.5,"<svg xmlns=""http://www.w3.org/2000/svg"" viewBox=""0 0 22 22""><polygon points=""3,10 13,10 13,7 19,11 13,15 13,12 3,12"" fill=""#0078d4"" transform=""rotate(34,11,11)""/></svg>"
Brisbane,Australia,28,2,-27.47,153.02,"<svg xmlns=""http://www.w3.org/2000/svg"" viewBox=""0 0 62 36""><circle cx=""9""  cy=""13"" r=""7"" fill=""none"" stroke=""#0081c8"" stroke-width=""2.5""/><circle cx=""23"" cy=""13"" r=""7"" fill=""none"" stroke=""#000""    stroke-width=""2.5""/><circle cx=""37"" cy=""13"" r=""7"" fill=""none"" stroke=""#ee334e"" stroke-width=""2.5""/><circle cx=""16"" cy=""23"" r=""7"" fill=""none"" stroke=""#fcb131"" stroke-width=""2.5""/><circle cx=""30"" cy=""23"" r=""7"" fill=""none"" stroke=""#00a651"" stroke-width=""2.5""/></svg>"
Baku,Azerbaijan,29,1,40.41,49.87,"<svg xmlns=""http://www.w3.org/2000/svg"" viewBox=""0 0 22 22""><polygon points=""3,10 13,10 13,7 19,11 13,15 13,12 3,12"" fill=""#0078d4"" transform=""rotate(35,11,11)""/></svg>"
Brisbane,Australia,29,2,-27.47,153.02,"<svg xmlns=""http://www.w3.org/2000/svg"" viewBox=""0 0 62 36""><circle cx=""9""  cy=""13"" r=""7"" fill=""none"" stroke=""#0081c8"" stroke-width=""2.5""/><circle cx=""23"" cy=""13"" r=""7"" fill=""none"" stroke=""#000""    stroke-width=""2.5""/><circle cx=""37"" cy=""13"" r=""7"" fill=""none"" stroke=""#ee334e"" stroke-width=""2.5""/><circle cx=""16"" cy=""23"" r=""7"" fill=""none"" stroke=""#fcb131"" stroke-width=""2.5""/><circle cx=""30"" cy=""23"" r=""7"" fill=""none"" stroke=""#00a651"" stroke-width=""2.5""/></svg>"
Manama,Bahrain,30,1,26.22,50.59,"<svg xmlns=""http://www.w3.org/2000/svg"" viewBox=""0 0 22 22""><polygon points=""3,10 13,10 13,7 19,11 13,15 13,12 3,12"" fill=""#0078d4"" transform=""rotate(29,11,11)""/></svg>"
Brisbane,Australia,30,2,-27.47,153.02,"<svg xmlns=""http://www.w3.org/2000/svg"" viewBox=""0 0 62 36""><circle cx=""9""  cy=""13"" r=""7"" fill=""none"" stroke=""#0081c8"" stroke-width=""2.5""/><circle cx=""23"" cy=""13"" r=""7"" fill=""none"" stroke=""#000""    stroke-width=""2.5""/><circle cx=""37"" cy=""13"" r=""7"" fill=""none"" stroke=""#ee334e"" stroke-width=""2.5""/><circle cx=""16"" cy=""23"" r=""7"" fill=""none"" stroke=""#fcb131"" stroke-width=""2.5""/><circle cx=""30"" cy=""23"" r=""7"" fill=""none"" stroke=""#00a651"" stroke-width=""2.5""/></svg>"
Dhaka,Bangladesh,31,1,23.72,90.41,"<svg xmlns=""http://www.w3.org/2000/svg"" viewBox=""0 0 22 22""><polygon points=""3,10 13,10 13,7 19,11 13,15 13,12 3,12"" fill=""#0078d4"" transform=""rotate(40,11,11)""/></svg>"
Brisbane,Australia,31,2,-27.47,153.02,"<svg xmlns=""http://www.w3.org/2000/svg"" viewBox=""0 0 62 36""><circle cx=""9""  cy=""13"" r=""7"" fill=""none"" stroke=""#0081c8"" stroke-width=""2.5""/><circle cx=""23"" cy=""13"" r=""7"" fill=""none"" stroke=""#000""    stroke-width=""2.5""/><circle cx=""37"" cy=""13"" r=""7"" fill=""none"" stroke=""#ee334e"" stroke-width=""2.5""/><circle cx=""16"" cy=""23"" r=""7"" fill=""none"" stroke=""#fcb131"" stroke-width=""2.5""/><circle cx=""30"" cy=""23"" r=""7"" fill=""none"" stroke=""#00a651"" stroke-width=""2.5""/></svg>"
Thimphu,Bhutan,32,1,27.47,89.64,"<svg xmlns=""http://www.w3.org/2000/svg"" viewBox=""0 0 22 22""><polygon points=""3,10 13,10 13,7 19,11 13,15 13,12 3,12"" fill=""#0078d4"" transform=""rotate(42,11,11)""/></svg>"
Brisbane,Australia,32,2,-27.47,153.02,"<svg xmlns=""http://www.w3.org/2000/svg"" viewBox=""0 0 62 36""><circle cx=""9""  cy=""13"" r=""7"" fill=""none"" stroke=""#0081c8"" stroke-width=""2.5""/><circle cx=""23"" cy=""13"" r=""7"" fill=""none"" stroke=""#000""    stroke-width=""2.5""/><circle cx=""37"" cy=""13"" r=""7"" fill=""none"" stroke=""#ee334e"" stroke-width=""2.5""/><circle cx=""16"" cy=""23"" r=""7"" fill=""none"" stroke=""#fcb131"" stroke-width=""2.5""/><circle cx=""30"" cy=""23"" r=""7"" fill=""none"" stroke=""#00a651"" stroke-width=""2.5""/></svg>"
Bandar Seri Begawan,Brunei,33,1,4.94,114.95,"<svg xmlns=""http://www.w3.org/2000/svg"" viewBox=""0 0 22 22""><polygon points=""3,10 13,10 13,7 19,11 13,15 13,12 3,12"" fill=""#0078d4"" transform=""rotate(41,11,11)""/></svg>"
Brisbane,Australia,33,2,-27.47,153.02,"<svg xmlns=""http://www.w3.org/2000/svg"" viewBox=""0 0 62 36""><circle cx=""9""  cy=""13"" r=""7"" fill=""none"" stroke=""#0081c8"" stroke-width=""2.5""/><circle cx=""23"" cy=""13"" r=""7"" fill=""none"" stroke=""#000""    stroke-width=""2.5""/><circle cx=""37"" cy=""13"" r=""7"" fill=""none"" stroke=""#ee334e"" stroke-width=""2.5""/><circle cx=""16"" cy=""23"" r=""7"" fill=""none"" stroke=""#fcb131"" stroke-width=""2.5""/><circle cx=""30"" cy=""23"" r=""7"" fill=""none"" stroke=""#00a651"" stroke-width=""2.5""/></svg>"
Phnom Penh,Cambodia,34,1,11.56,104.93,"<svg xmlns=""http://www.w3.org/2000/svg"" viewBox=""0 0 22 22""><polygon points=""3,10 13,10 13,7 19,11 13,15 13,12 3,12"" fill=""#0078d4"" transform=""rotate(40,11,11)""/></svg>"
Brisbane,Australia,34,2,-27.47,153.02,"<svg xmlns=""http://www.w3.org/2000/svg"" viewBox=""0 0 62 36""><circle cx=""9""  cy=""13"" r=""7"" fill=""none"" stroke=""#0081c8"" stroke-width=""2.5""/><circle cx=""23"" cy=""13"" r=""7"" fill=""none"" stroke=""#000""    stroke-width=""2.5""/><circle cx=""37"" cy=""13"" r=""7"" fill=""none"" stroke=""#ee334e"" stroke-width=""2.5""/><circle cx=""16"" cy=""23"" r=""7"" fill=""none"" stroke=""#fcb131"" stroke-width=""2.5""/><circle cx=""30"" cy=""23"" r=""7"" fill=""none"" stroke=""#00a651"" stroke-width=""2.5""/></svg>"
Beijing,China,35,1,39.91,116.39,"<svg xmlns=""http://www.w3.org/2000/svg"" viewBox=""0 0 22 22""><polygon points=""3,10 13,10 13,7 19,11 13,15 13,12 3,12"" fill=""#0078d4"" transform=""rotate(63,11,11)""/></svg>"
Brisbane,Australia,35,2,-27.47,153.02,"<svg xmlns=""http://www.w3.org/2000/svg"" viewBox=""0 0 62 36""><circle cx=""9""  cy=""13"" r=""7"" fill=""none"" stroke=""#0081c8"" stroke-width=""2.5""/><circle cx=""23"" cy=""13"" r=""7"" fill=""none"" stroke=""#000""    stroke-width=""2.5""/><circle cx=""37"" cy=""13"" r=""7"" fill=""none"" stroke=""#ee334e"" stroke-width=""2.5""/><circle cx=""16"" cy=""23"" r=""7"" fill=""none"" stroke=""#fcb131"" stroke-width=""2.5""/><circle cx=""30"" cy=""23"" r=""7"" fill=""none"" stroke=""#00a651"" stroke-width=""2.5""/></svg>"
Nicosia,Cyprus,36,1,35.16,33.36,"<svg xmlns=""http://www.w3.org/2000/svg"" viewBox=""0 0 22 22""><polygon points=""3,10 13,10 13,7 19,11 13,15 13,12 3,12"" fill=""#0078d4"" transform=""rotate(29,11,11)""/></svg>"
Brisbane,Australia,36,2,-27.47,153.02,"<svg xmlns=""http://www.w3.org/2000/svg"" viewBox=""0 0 62 36""><circle cx=""9""  cy=""13"" r=""7"" fill=""none"" stroke=""#0081c8"" stroke-width=""2.5""/><circle cx=""23"" cy=""13"" r=""7"" fill=""none"" stroke=""#000""    stroke-width=""2.5""/><circle cx=""37"" cy=""13"" r=""7"" fill=""none"" stroke=""#ee334e"" stroke-width=""2.5""/><circle cx=""16"" cy=""23"" r=""7"" fill=""none"" stroke=""#fcb131"" stroke-width=""2.5""/><circle cx=""30"" cy=""23"" r=""7"" fill=""none"" stroke=""#00a651"" stroke-width=""2.5""/></svg>"
Tbilisi,Georgia,37,1,41.69,44.83,"<svg xmlns=""http://www.w3.org/2000/svg"" viewBox=""0 0 22 22""><polygon points=""3,10 13,10 13,7 19,11 13,15 13,12 3,12"" fill=""#0078d4"" transform=""rotate(35,11,11)""/></svg>"
Brisbane,Australia,37,2,-27.47,153.02,"<svg xmlns=""http://www.w3.org/2000/svg"" viewBox=""0 0 62 36""><circle cx=""9""  cy=""13"" r=""7"" fill=""none"" stroke=""#0081c8"" stroke-width=""2.5""/><circle cx=""23"" cy=""13"" r=""7"" fill=""none"" stroke=""#000""    stroke-width=""2.5""/><circle cx=""37"" cy=""13"" r=""7"" fill=""none"" stroke=""#ee334e"" stroke-width=""2.5""/><circle cx=""16"" cy=""23"" r=""7"" fill=""none"" stroke=""#fcb131"" stroke-width=""2.5""/><circle cx=""30"" cy=""23"" r=""7"" fill=""none"" stroke=""#00a651"" stroke-width=""2.5""/></svg>"
New Delhi,India,38,1,28.63,77.22,"<svg xmlns=""http://www.w3.org/2000/svg"" viewBox=""0 0 22 22""><polygon points=""3,10 13,10 13,7 19,11 13,15 13,12 3,12"" fill=""#0078d4"" transform=""rotate(38,11,11)""/></svg>"
Brisbane,Australia,38,2,-27.47,153.02,"<svg xmlns=""http://www.w3.org/2000/svg"" viewBox=""0 0 62 36""><circle cx=""9""  cy=""13"" r=""7"" fill=""none"" stroke=""#0081c8"" stroke-width=""2.5""/><circle cx=""23"" cy=""13"" r=""7"" fill=""none"" stroke=""#000""    stroke-width=""2.5""/><circle cx=""37"" cy=""13"" r=""7"" fill=""none"" stroke=""#ee334e"" stroke-width=""2.5""/><circle cx=""16"" cy=""23"" r=""7"" fill=""none"" stroke=""#fcb131"" stroke-width=""2.5""/><circle cx=""30"" cy=""23"" r=""7"" fill=""none"" stroke=""#00a651"" stroke-width=""2.5""/></svg>"
Jakarta,Indonesia,39,1,-6.21,106.85,"<svg xmlns=""http://www.w3.org/2000/svg"" viewBox=""0 0 22 22""><polygon points=""3,10 13,10 13,7 19,11 13,15 13,12 3,12"" fill=""#0078d4"" transform=""rotate(26,11,11)""/></svg>"
Brisbane,Australia,39,2,-27.47,153.02,"<svg xmlns=""http://www.w3.org/2000/svg"" viewBox=""0 0 62 36""><circle cx=""9""  cy=""13"" r=""7"" fill=""none"" stroke=""#0081c8"" stroke-width=""2.5""/><circle cx=""23"" cy=""13"" r=""7"" fill=""none"" stroke=""#000""    stroke-width=""2.5""/><circle cx=""37"" cy=""13"" r=""7"" fill=""none"" stroke=""#ee334e"" stroke-width=""2.5""/><circle cx=""16"" cy=""23"" r=""7"" fill=""none"" stroke=""#fcb131"" stroke-width=""2.5""/><circle cx=""30"" cy=""23"" r=""7"" fill=""none"" stroke=""#00a651"" stroke-width=""2.5""/></svg>"
Tehran,Iran,40,1,35.69,51.42,"<svg xmlns=""http://www.w3.org/2000/svg"" viewBox=""0 0 22 22""><polygon points=""3,10 13,10 13,7 19,11 13,15 13,12 3,12"" fill=""#0078d4"" transform=""rotate(33,11,11)""/></svg>"
Brisbane,Australia,40,2,-27.47,153.02,"<svg xmlns=""http://www.w3.org/2000/svg"" viewBox=""0 0 62 36""><circle cx=""9""  cy=""13"" r=""7"" fill=""none"" stroke=""#0081c8"" stroke-width=""2.5""/><circle cx=""23"" cy=""13"" r=""7"" fill=""none"" stroke=""#000""    stroke-width=""2.5""/><circle cx=""37"" cy=""13"" r=""7"" fill=""none"" stroke=""#ee334e"" stroke-width=""2.5""/><circle cx=""16"" cy=""23"" r=""7"" fill=""none"" stroke=""#fcb131"" stroke-width=""2.5""/><circle cx=""30"" cy=""23"" r=""7"" fill=""none"" stroke=""#00a651"" stroke-width=""2.5""/></svg>"
Baghdad,Iraq,41,1,33.34,44.4,"<svg xmlns=""http://www.w3.org/2000/svg"" viewBox=""0 0 22 22""><polygon points=""3,10 13,10 13,7 19,11 13,15 13,12 3,12"" fill=""#0078d4"" transform=""rotate(31,11,11)""/></svg>"
Brisbane,Australia,41,2,-27.47,153.02,"<svg xmlns=""http://www.w3.org/2000/svg"" viewBox=""0 0 62 36""><circle cx=""9""  cy=""13"" r=""7"" fill=""none"" stroke=""#0081c8"" stroke-width=""2.5""/><circle cx=""23"" cy=""13"" r=""7"" fill=""none"" stroke=""#000""    stroke-width=""2.5""/><circle cx=""37"" cy=""13"" r=""7"" fill=""none"" stroke=""#ee334e"" stroke-width=""2.5""/><circle cx=""16"" cy=""23"" r=""7"" fill=""none"" stroke=""#fcb131"" stroke-width=""2.5""/><circle cx=""30"" cy=""23"" r=""7"" fill=""none"" stroke=""#00a651"" stroke-width=""2.5""/></svg>"
Jerusalem,Israel,42,1,31.77,35.22,"<svg xmlns=""http://www.w3.org/2000/svg"" viewBox=""0 0 22 22""><polygon points=""3,10 13,10 13,7 19,11 13,15 13,12 3,12"" fill=""#0078d4"" transform=""rotate(28,11,11)""/></svg>"
Brisbane,Australia,42,2,-27.47,153.02,"<svg xmlns=""http://www.w3.org/2000/svg"" viewBox=""0 0 62 36""><circle cx=""9""  cy=""13"" r=""7"" fill=""none"" stroke=""#0081c8"" stroke-width=""2.5""/><circle cx=""23"" cy=""13"" r=""7"" fill=""none"" stroke=""#000""    stroke-width=""2.5""/><circle cx=""37"" cy=""13"" r=""7"" fill=""none"" stroke=""#ee334e"" stroke-width=""2.5""/><circle cx=""16"" cy=""23"" r=""7"" fill=""none"" stroke=""#fcb131"" stroke-width=""2.5""/><circle cx=""30"" cy=""23"" r=""7"" fill=""none"" stroke=""#00a651"" stroke-width=""2.5""/></svg>"
Tokyo,Japan,43,1,35.69,139.69,"<svg xmlns=""http://www.w3.org/2000/svg"" viewBox=""0 0 22 22""><polygon points=""3,10 13,10 13,7 19,11 13,15 13,12 3,12"" fill=""#0078d4"" transform=""rotate(79,11,11)""/></svg>"
Brisbane,Australia,43,2,-27.47,153.02,"<svg xmlns=""http://www.w3.org/2000/svg"" viewBox=""0 0 62 36""><circle cx=""9""  cy=""13"" r=""7"" fill=""none"" stroke=""#0081c8"" stroke-width=""2.5""/><circle cx=""23"" cy=""13"" r=""7"" fill=""none"" stroke=""#000""    stroke-width=""2.5""/><circle cx=""37"" cy=""13"" r=""7"" fill=""none"" stroke=""#ee334e"" stroke-width=""2.5""/><circle cx=""16"" cy=""23"" r=""7"" fill=""none"" stroke=""#fcb131"" stroke-width=""2.5""/><circle cx=""30"" cy=""23"" r=""7"" fill=""none"" stroke=""#00a651"" stroke-width=""2.5""/></svg>"
Amman,Jordan,44,1,31.95,35.93,"<svg xmlns=""http://www.w3.org/2000/svg"" viewBox=""0 0 22 22""><polygon points=""3,10 13,10 13,7 19,11 13,15 13,12 3,12"" fill=""#0078d4"" transform=""rotate(28,11,11)""/></svg>"
Brisbane,Australia,44,2,-27.47,153.02,"<svg xmlns=""http://www.w3.org/2000/svg"" viewBox=""0 0 62 36""><circle cx=""9""  cy=""13"" r=""7"" fill=""none"" stroke=""#0081c8"" stroke-width=""2.5""/><circle cx=""23"" cy=""13"" r=""7"" fill=""none"" stroke=""#000""    stroke-width=""2.5""/><circle cx=""37"" cy=""13"" r=""7"" fill=""none"" stroke=""#ee334e"" stroke-width=""2.5""/><circle cx=""16"" cy=""23"" r=""7"" fill=""none"" stroke=""#fcb131"" stroke-width=""2.5""/><circle cx=""30"" cy=""23"" r=""7"" fill=""none"" stroke=""#00a651"" stroke-width=""2.5""/></svg>"
Astana,Kazakhstan,45,1,51.18,71.45,"<svg xmlns=""http://www.w3.org/2000/svg"" viewBox=""0 0 22 22""><polygon points=""3,10 13,10 13,7 19,11 13,15 13,12 3,12"" fill=""#0078d4"" transform=""rotate(47,11,11)""/></svg>"
Brisbane,Australia,45,2,-27.47,153.02,"<svg xmlns=""http://www.w3.org/2000/svg"" viewBox=""0 0 62 36""><circle cx=""9""  cy=""13"" r=""7"" fill=""none"" stroke=""#0081c8"" stroke-width=""2.5""/><circle cx=""23"" cy=""13"" r=""7"" fill=""none"" stroke=""#000""    stroke-width=""2.5""/><circle cx=""37"" cy=""13"" r=""7"" fill=""none"" stroke=""#ee334e"" stroke-width=""2.5""/><circle cx=""16"" cy=""23"" r=""7"" fill=""none"" stroke=""#fcb131"" stroke-width=""2.5""/><circle cx=""30"" cy=""23"" r=""7"" fill=""none"" stroke=""#00a651"" stroke-width=""2.5""/></svg>"
Kuwait City,Kuwait,46,1,29.37,47.98,"<svg xmlns=""http://www.w3.org/2000/svg"" viewBox=""0 0 22 22""><polygon points=""3,10 13,10 13,7 19,11 13,15 13,12 3,12"" fill=""#0078d4"" transform=""rotate(29,11,11)""/></svg>"
Brisbane,Australia,46,2,-27.47,153.02,"<svg xmlns=""http://www.w3.org/2000/svg"" viewBox=""0 0 62 36""><circle cx=""9""  cy=""13"" r=""7"" fill=""none"" stroke=""#0081c8"" stroke-width=""2.5""/><circle cx=""23"" cy=""13"" r=""7"" fill=""none"" stroke=""#000""    stroke-width=""2.5""/><circle cx=""37"" cy=""13"" r=""7"" fill=""none"" stroke=""#ee334e"" stroke-width=""2.5""/><circle cx=""16"" cy=""23"" r=""7"" fill=""none"" stroke=""#fcb131"" stroke-width=""2.5""/><circle cx=""30"" cy=""23"" r=""7"" fill=""none"" stroke=""#00a651"" stroke-width=""2.5""/></svg>"
Bishkek,Kyrgyzstan,47,1,42.87,74.59,"<svg xmlns=""http://www.w3.org/2000/svg"" viewBox=""0 0 22 22""><polygon points=""3,10 13,10 13,7 19,11 13,15 13,12 3,12"" fill=""#0078d4"" transform=""rotate(44,11,11)""/></svg>"
Brisbane,Australia,47,2,-27.47,153.02,"<svg xmlns=""http://www.w3.org/2000/svg"" viewBox=""0 0 62 36""><circle cx=""9""  cy=""13"" r=""7"" fill=""none"" stroke=""#0081c8"" stroke-width=""2.5""/><circle cx=""23"" cy=""13"" r=""7"" fill=""none"" stroke=""#000""    stroke-width=""2.5""/><circle cx=""37"" cy=""13"" r=""7"" fill=""none"" stroke=""#ee334e"" stroke-width=""2.5""/><circle cx=""16"" cy=""23"" r=""7"" fill=""none"" stroke=""#fcb131"" stroke-width=""2.5""/><circle cx=""30"" cy=""23"" r=""7"" fill=""none"" stroke=""#00a651"" stroke-width=""2.5""/></svg>"
Vientiane,Laos,48,1,17.97,102.6,"<svg xmlns=""http://www.w3.org/2000/svg"" viewBox=""0 0 22 22""><polygon points=""3,10 13,10 13,7 19,11 13,15 13,12 3,12"" fill=""#0078d4"" transform=""rotate(43,11,11)""/></svg>"
Brisbane,Australia,48,2,-27.47,153.02,"<svg xmlns=""http://www.w3.org/2000/svg"" viewBox=""0 0 62 36""><circle cx=""9""  cy=""13"" r=""7"" fill=""none"" stroke=""#0081c8"" stroke-width=""2.5""/><circle cx=""23"" cy=""13"" r=""7"" fill=""none"" stroke=""#000""    stroke-width=""2.5""/><circle cx=""37"" cy=""13"" r=""7"" fill=""none"" stroke=""#ee334e"" stroke-width=""2.5""/><circle cx=""16"" cy=""23"" r=""7"" fill=""none"" stroke=""#fcb131"" stroke-width=""2.5""/><circle cx=""30"" cy=""23"" r=""7"" fill=""none"" stroke=""#00a651"" stroke-width=""2.5""/></svg>"
Beirut,Lebanon,49,1,33.89,35.5,"<svg xmlns=""http://www.w3.org/2000/svg"" viewBox=""0 0 22 22""><polygon points=""3,10 13,10 13,7 19,11 13,15 13,12 3,12"" fill=""#0078d4"" transform=""rotate(29,11,11)""/></svg>"
Brisbane,Australia,49,2,-27.47,153.02,"<svg xmlns=""http://www.w3.org/2000/svg"" viewBox=""0 0 62 36""><circle cx=""9""  cy=""13"" r=""7"" fill=""none"" stroke=""#0081c8"" stroke-width=""2.5""/><circle cx=""23"" cy=""13"" r=""7"" fill=""none"" stroke=""#000""    stroke-width=""2.5""/><circle cx=""37"" cy=""13"" r=""7"" fill=""none"" stroke=""#ee334e"" stroke-width=""2.5""/><circle cx=""16"" cy=""23"" r=""7"" fill=""none"" stroke=""#fcb131"" stroke-width=""2.5""/><circle cx=""30"" cy=""23"" r=""7"" fill=""none"" stroke=""#00a651"" stroke-width=""2.5""/></svg>"
Kuala Lumpur,Malaysia,50,1,3.14,101.69,"<svg xmlns=""http://www.w3.org/2000/svg"" viewBox=""0 0 22 22""><polygon points=""3,10 13,10 13,7 19,11 13,15 13,12 3,12"" fill=""#0078d4"" transform=""rotate(32,11,11)""/></svg>"
Brisbane,Australia,50,2,-27.47,153.02,"<svg xmlns=""http://www.w3.org/2000/svg"" viewBox=""0 0 62 36""><circle cx=""9""  cy=""13"" r=""7"" fill=""none"" stroke=""#0081c8"" stroke-width=""2.5""/><circle cx=""23"" cy=""13"" r=""7"" fill=""none"" stroke=""#000""    stroke-width=""2.5""/><circle cx=""37"" cy=""13"" r=""7"" fill=""none"" stroke=""#ee334e"" stroke-width=""2.5""/><circle cx=""16"" cy=""23"" r=""7"" fill=""none"" stroke=""#fcb131"" stroke-width=""2.5""/><circle cx=""30"" cy=""23"" r=""7"" fill=""none"" stroke=""#00a651"" stroke-width=""2.5""/></svg>"
Malé,Maldives,51,1,4.18,73.51,"<svg xmlns=""http://www.w3.org/2000/svg"" viewBox=""0 0 22 22""><polygon points=""3,10 13,10 13,7 19,11 13,15 13,12 3,12"" fill=""#0078d4"" transform=""rotate(22,11,11)""/></svg>"
Brisbane,Australia,51,2,-27.47,153.02,"<svg xmlns=""http://www.w3.org/2000/svg"" viewBox=""0 0 62 36""><circle cx=""9""  cy=""13"" r=""7"" fill=""none"" stroke=""#0081c8"" stroke-width=""2.5""/><circle cx=""23"" cy=""13"" r=""7"" fill=""none"" stroke=""#000""    stroke-width=""2.5""/><circle cx=""37"" cy=""13"" r=""7"" fill=""none"" stroke=""#ee334e"" stroke-width=""2.5""/><circle cx=""16"" cy=""23"" r=""7"" fill=""none"" stroke=""#fcb131"" stroke-width=""2.5""/><circle cx=""30"" cy=""23"" r=""7"" fill=""none"" stroke=""#00a651"" stroke-width=""2.5""/></svg>"
Ulaanbaatar,Mongolia,52,1,47.91,106.89,"<svg xmlns=""http://www.w3.org/2000/svg"" viewBox=""0 0 22 22""><polygon points=""3,10 13,10 13,7 19,11 13,15 13,12 3,12"" fill=""#0078d4"" transform=""rotate(61,11,11)""/></svg>"
Brisbane,Australia,52,2,-27.47,153.02,"<svg xmlns=""http://www.w3.org/2000/svg"" viewBox=""0 0 62 36""><circle cx=""9""  cy=""13"" r=""7"" fill=""none"" stroke=""#0081c8"" stroke-width=""2.5""/><circle cx=""23"" cy=""13"" r=""7"" fill=""none"" stroke=""#000""    stroke-width=""2.5""/><circle cx=""37"" cy=""13"" r=""7"" fill=""none"" stroke=""#ee334e"" stroke-width=""2.5""/><circle cx=""16"" cy=""23"" r=""7"" fill=""none"" stroke=""#fcb131"" stroke-width=""2.5""/><circle cx=""30"" cy=""23"" r=""7"" fill=""none"" stroke=""#00a651"" stroke-width=""2.5""/></svg>"
Naypyidaw,Myanmar,53,1,19.76,96.08,"<svg xmlns=""http://www.w3.org/2000/svg"" viewBox=""0 0 22 22""><polygon points=""3,10 13,10 13,7 19,11 13,15 13,12 3,12"" fill=""#0078d4"" transform=""rotate(41,11,11)""/></svg>"
Brisbane,Australia,53,2,-27.47,153.02,"<svg xmlns=""http://www.w3.org/2000/svg"" viewBox=""0 0 62 36""><circle cx=""9""  cy=""13"" r=""7"" fill=""none"" stroke=""#0081c8"" stroke-width=""2.5""/><circle cx=""23"" cy=""13"" r=""7"" fill=""none"" stroke=""#000""    stroke-width=""2.5""/><circle cx=""37"" cy=""13"" r=""7"" fill=""none"" stroke=""#ee334e"" stroke-width=""2.5""/><circle cx=""16"" cy=""23"" r=""7"" fill=""none"" stroke=""#fcb131"" stroke-width=""2.5""/><circle cx=""30"" cy=""23"" r=""7"" fill=""none"" stroke=""#00a651"" stroke-width=""2.5""/></svg>"
Kathmandu,Nepal,54,1,27.71,85.32,"<svg xmlns=""http://www.w3.org/2000/svg"" viewBox=""0 0 22 22""><polygon points=""3,10 13,10 13,7 19,11 13,15 13,12 3,12"" fill=""#0078d4"" transform=""rotate(40,11,11)""/></svg>"
Brisbane,Australia,54,2,-27.47,153.02,"<svg xmlns=""http://www.w3.org/2000/svg"" viewBox=""0 0 62 36""><circle cx=""9""  cy=""13"" r=""7"" fill=""none"" stroke=""#0081c8"" stroke-width=""2.5""/><circle cx=""23"" cy=""13"" r=""7"" fill=""none"" stroke=""#000""    stroke-width=""2.5""/><circle cx=""37"" cy=""13"" r=""7"" fill=""none"" stroke=""#ee334e"" stroke-width=""2.5""/><circle cx=""16"" cy=""23"" r=""7"" fill=""none"" stroke=""#fcb131"" stroke-width=""2.5""/><circle cx=""30"" cy=""23"" r=""7"" fill=""none"" stroke=""#00a651"" stroke-width=""2.5""/></svg>"
Pyongyang,North Korea,55,1,39.04,125.76,"<svg xmlns=""http://www.w3.org/2000/svg"" viewBox=""0 0 22 22""><polygon points=""3,10 13,10 13,7 19,11 13,15 13,12 3,12"" fill=""#0078d4"" transform=""rotate(69,11,11)""/></svg>"
Brisbane,Australia,55,2,-27.47,153.02,"<svg xmlns=""http://www.w3.org/2000/svg"" viewBox=""0 0 62 36""><circle cx=""9""  cy=""13"" r=""7"" fill=""none"" stroke=""#0081c8"" stroke-width=""2.5""/><circle cx=""23"" cy=""13"" r=""7"" fill=""none"" stroke=""#000""    stroke-width=""2.5""/><circle cx=""37"" cy=""13"" r=""7"" fill=""none"" stroke=""#ee334e"" stroke-width=""2.5""/><circle cx=""16"" cy=""23"" r=""7"" fill=""none"" stroke=""#fcb131"" stroke-width=""2.5""/><circle cx=""30"" cy=""23"" r=""7"" fill=""none"" stroke=""#00a651"" stroke-width=""2.5""/></svg>"
Muscat,Oman,56,1,23.61,58.59,"<svg xmlns=""http://www.w3.org/2000/svg"" viewBox=""0 0 22 22""><polygon points=""3,10 13,10 13,7 19,11 13,15 13,12 3,12"" fill=""#0078d4"" transform=""rotate(29,11,11)""/></svg>"
Brisbane,Australia,56,2,-27.47,153.02,"<svg xmlns=""http://www.w3.org/2000/svg"" viewBox=""0 0 62 36""><circle cx=""9""  cy=""13"" r=""7"" fill=""none"" stroke=""#0081c8"" stroke-width=""2.5""/><circle cx=""23"" cy=""13"" r=""7"" fill=""none"" stroke=""#000""    stroke-width=""2.5""/><circle cx=""37"" cy=""13"" r=""7"" fill=""none"" stroke=""#ee334e"" stroke-width=""2.5""/><circle cx=""16"" cy=""23"" r=""7"" fill=""none"" stroke=""#fcb131"" stroke-width=""2.5""/><circle cx=""30"" cy=""23"" r=""7"" fill=""none"" stroke=""#00a651"" stroke-width=""2.5""/></svg>"
Islamabad,Pakistan,57,1,33.72,73.06,"<svg xmlns=""http://www.w3.org/2000/svg"" viewBox=""0 0 22 22""><polygon points=""3,10 13,10 13,7 19,11 13,15 13,12 3,12"" fill=""#0078d4"" transform=""rotate(39,11,11)""/></svg>"
Brisbane,Australia,57,2,-27.47,153.02,"<svg xmlns=""http://www.w3.org/2000/svg"" viewBox=""0 0 62 36""><circle cx=""9""  cy=""13"" r=""7"" fill=""none"" stroke=""#0081c8"" stroke-width=""2.5""/><circle cx=""23"" cy=""13"" r=""7"" fill=""none"" stroke=""#000""    stroke-width=""2.5""/><circle cx=""37"" cy=""13"" r=""7"" fill=""none"" stroke=""#ee334e"" stroke-width=""2.5""/><circle cx=""16"" cy=""23"" r=""7"" fill=""none"" stroke=""#fcb131"" stroke-width=""2.5""/><circle cx=""30"" cy=""23"" r=""7"" fill=""none"" stroke=""#00a651"" stroke-width=""2.5""/></svg>"
Manila,Philippines,58,1,14.6,120.98,"<svg xmlns=""http://www.w3.org/2000/svg"" viewBox=""0 0 22 22""><polygon points=""3,10 13,10 13,7 19,11 13,15 13,12 3,12"" fill=""#0078d4"" transform=""rotate(54,11,11)""/></svg>"
Brisbane,Australia,58,2,-27.47,153.02,"<svg xmlns=""http://www.w3.org/2000/svg"" viewBox=""0 0 62 36""><circle cx=""9""  cy=""13"" r=""7"" fill=""none"" stroke=""#0081c8"" stroke-width=""2.5""/><circle cx=""23"" cy=""13"" r=""7"" fill=""none"" stroke=""#000""    stroke-width=""2.5""/><circle cx=""37"" cy=""13"" r=""7"" fill=""none"" stroke=""#ee334e"" stroke-width=""2.5""/><circle cx=""16"" cy=""23"" r=""7"" fill=""none"" stroke=""#fcb131"" stroke-width=""2.5""/><circle cx=""30"" cy=""23"" r=""7"" fill=""none"" stroke=""#00a651"" stroke-width=""2.5""/></svg>"
Doha,Qatar,59,1,25.29,51.53,"<svg xmlns=""http://www.w3.org/2000/svg"" viewBox=""0 0 22 22""><polygon points=""3,10 13,10 13,7 19,11 13,15 13,12 3,12"" fill=""#0078d4"" transform=""rotate(28,11,11)""/></svg>"
Brisbane,Australia,59,2,-27.47,153.02,"<svg xmlns=""http://www.w3.org/2000/svg"" viewBox=""0 0 62 36""><circle cx=""9""  cy=""13"" r=""7"" fill=""none"" stroke=""#0081c8"" stroke-width=""2.5""/><circle cx=""23"" cy=""13"" r=""7"" fill=""none"" stroke=""#000""    stroke-width=""2.5""/><circle cx=""37"" cy=""13"" r=""7"" fill=""none"" stroke=""#ee334e"" stroke-width=""2.5""/><circle cx=""16"" cy=""23"" r=""7"" fill=""none"" stroke=""#fcb131"" stroke-width=""2.5""/><circle cx=""30"" cy=""23"" r=""7"" fill=""none"" stroke=""#00a651"" stroke-width=""2.5""/></svg>"
Moscow,Russia,60,1,55.75,37.62,"<svg xmlns=""http://www.w3.org/2000/svg"" viewBox=""0 0 22 22""><polygon points=""3,10 13,10 13,7 19,11 13,15 13,12 3,12"" fill=""#0078d4"" transform=""rotate(40,11,11)""/></svg>"
Brisbane,Australia,60,2,-27.47,153.02,"<svg xmlns=""http://www.w3.org/2000/svg"" viewBox=""0 0 62 36""><circle cx=""9""  cy=""13"" r=""7"" fill=""none"" stroke=""#0081c8"" stroke-width=""2.5""/><circle cx=""23"" cy=""13"" r=""7"" fill=""none"" stroke=""#000""    stroke-width=""2.5""/><circle cx=""37"" cy=""13"" r=""7"" fill=""none"" stroke=""#ee334e"" stroke-width=""2.5""/><circle cx=""16"" cy=""23"" r=""7"" fill=""none"" stroke=""#fcb131"" stroke-width=""2.5""/><circle cx=""30"" cy=""23"" r=""7"" fill=""none"" stroke=""#00a651"" stroke-width=""2.5""/></svg>"
Riyadh,Saudi Arabia,61,1,24.69,46.72,"<svg xmlns=""http://www.w3.org/2000/svg"" viewBox=""0 0 22 22""><polygon points=""3,10 13,10 13,7 19,11 13,15 13,12 3,12"" fill=""#0078d4"" transform=""rotate(27,11,11)""/></svg>"
Brisbane,Australia,61,2,-27.47,153.02,"<svg xmlns=""http://www.w3.org/2000/svg"" viewBox=""0 0 62 36""><circle cx=""9""  cy=""13"" r=""7"" fill=""none"" stroke=""#0081c8"" stroke-width=""2.5""/><circle cx=""23"" cy=""13"" r=""7"" fill=""none"" stroke=""#000""    stroke-width=""2.5""/><circle cx=""37"" cy=""13"" r=""7"" fill=""none"" stroke=""#ee334e"" stroke-width=""2.5""/><circle cx=""16"" cy=""23"" r=""7"" fill=""none"" stroke=""#fcb131"" stroke-width=""2.5""/><circle cx=""30"" cy=""23"" r=""7"" fill=""none"" stroke=""#00a651"" stroke-width=""2.5""/></svg>"
Singapore,Singapore,62,1,1.35,103.82,"<svg xmlns=""http://www.w3.org/2000/svg"" viewBox=""0 0 22 22""><polygon points=""3,10 13,10 13,7 19,11 13,15 13,12 3,12"" fill=""#0078d4"" transform=""rotate(31,11,11)""/></svg>"
Brisbane,Australia,62,2,-27.47,153.02,"<svg xmlns=""http://www.w3.org/2000/svg"" viewBox=""0 0 62 36""><circle cx=""9""  cy=""13"" r=""7"" fill=""none"" stroke=""#0081c8"" stroke-width=""2.5""/><circle cx=""23"" cy=""13"" r=""7"" fill=""none"" stroke=""#000""    stroke-width=""2.5""/><circle cx=""37"" cy=""13"" r=""7"" fill=""none"" stroke=""#ee334e"" stroke-width=""2.5""/><circle cx=""16"" cy=""23"" r=""7"" fill=""none"" stroke=""#fcb131"" stroke-width=""2.5""/><circle cx=""30"" cy=""23"" r=""7"" fill=""none"" stroke=""#00a651"" stroke-width=""2.5""/></svg>"
Seoul,South Korea,63,1,37.57,126.98,"<svg xmlns=""http://www.w3.org/2000/svg"" viewBox=""0 0 22 22""><polygon points=""3,10 13,10 13,7 19,11 13,15 13,12 3,12"" fill=""#0078d4"" transform=""rotate(69,11,11)""/></svg>"
Brisbane,Australia,63,2,-27.47,153.02,"<svg xmlns=""http://www.w3.org/2000/svg"" viewBox=""0 0 62 36""><circle cx=""9""  cy=""13"" r=""7"" fill=""none"" stroke=""#0081c8"" stroke-width=""2.5""/><circle cx=""23"" cy=""13"" r=""7"" fill=""none"" stroke=""#000""    stroke-width=""2.5""/><circle cx=""37"" cy=""13"" r=""7"" fill=""none"" stroke=""#ee334e"" stroke-width=""2.5""/><circle cx=""16"" cy=""23"" r=""7"" fill=""none"" stroke=""#fcb131"" stroke-width=""2.5""/><circle cx=""30"" cy=""23"" r=""7"" fill=""none"" stroke=""#00a651"" stroke-width=""2.5""/></svg>"
Sri Jayawardenepura Kotte,Sri Lanka,64,1,6.9,79.92,"<svg xmlns=""http://www.w3.org/2000/svg"" viewBox=""0 0 22 22""><polygon points=""3,10 13,10 13,7 19,11 13,15 13,12 3,12"" fill=""#0078d4"" transform=""rotate(26,11,11)""/></svg>"
Brisbane,Australia,64,2,-27.47,153.02,"<svg xmlns=""http://www.w3.org/2000/svg"" viewBox=""0 0 62 36""><circle cx=""9""  cy=""13"" r=""7"" fill=""none"" stroke=""#0081c8"" stroke-width=""2.5""/><circle cx=""23"" cy=""13"" r=""7"" fill=""none"" stroke=""#000""    stroke-width=""2.5""/><circle cx=""37"" cy=""13"" r=""7"" fill=""none"" stroke=""#ee334e"" stroke-width=""2.5""/><circle cx=""16"" cy=""23"" r=""7"" fill=""none"" stroke=""#fcb131"" stroke-width=""2.5""/><circle cx=""30"" cy=""23"" r=""7"" fill=""none"" stroke=""#00a651"" stroke-width=""2.5""/></svg>"
Damascus,Syria,65,1,33.51,36.29,"<svg xmlns=""http://www.w3.org/2000/svg"" viewBox=""0 0 22 22""><polygon points=""3,10 13,10 13,7 19,11 13,15 13,12 3,12"" fill=""#0078d4"" transform=""rotate(29,11,11)""/></svg>"
Brisbane,Australia,65,2,-27.47,153.02,"<svg xmlns=""http://www.w3.org/2000/svg"" viewBox=""0 0 62 36""><circle cx=""9""  cy=""13"" r=""7"" fill=""none"" stroke=""#0081c8"" stroke-width=""2.5""/><circle cx=""23"" cy=""13"" r=""7"" fill=""none"" stroke=""#000""    stroke-width=""2.5""/><circle cx=""37"" cy=""13"" r=""7"" fill=""none"" stroke=""#ee334e"" stroke-width=""2.5""/><circle cx=""16"" cy=""23"" r=""7"" fill=""none"" stroke=""#fcb131"" stroke-width=""2.5""/><circle cx=""30"" cy=""23"" r=""7"" fill=""none"" stroke=""#00a651"" stroke-width=""2.5""/></svg>"
Taipei,Taiwan,66,1,25.05,121.53,"<svg xmlns=""http://www.w3.org/2000/svg"" viewBox=""0 0 22 22""><polygon points=""3,10 13,10 13,7 19,11 13,15 13,12 3,12"" fill=""#0078d4"" transform=""rotate(60,11,11)""/></svg>"
Brisbane,Australia,66,2,-27.47,153.02,"<svg xmlns=""http://www.w3.org/2000/svg"" viewBox=""0 0 62 36""><circle cx=""9""  cy=""13"" r=""7"" fill=""none"" stroke=""#0081c8"" stroke-width=""2.5""/><circle cx=""23"" cy=""13"" r=""7"" fill=""none"" stroke=""#000""    stroke-width=""2.5""/><circle cx=""37"" cy=""13"" r=""7"" fill=""none"" stroke=""#ee334e"" stroke-width=""2.5""/><circle cx=""16"" cy=""23"" r=""7"" fill=""none"" stroke=""#fcb131"" stroke-width=""2.5""/><circle cx=""30"" cy=""23"" r=""7"" fill=""none"" stroke=""#00a651"" stroke-width=""2.5""/></svg>"
Dushanbe,Tajikistan,67,1,38.56,68.77,"<svg xmlns=""http://www.w3.org/2000/svg"" viewBox=""0 0 22 22""><polygon points=""3,10 13,10 13,7 19,11 13,15 13,12 3,12"" fill=""#0078d4"" transform=""rotate(40,11,11)""/></svg>"
Brisbane,Australia,67,2,-27.47,153.02,"<svg xmlns=""http://www.w3.org/2000/svg"" viewBox=""0 0 62 36""><circle cx=""9""  cy=""13"" r=""7"" fill=""none"" stroke=""#0081c8"" stroke-width=""2.5""/><circle cx=""23"" cy=""13"" r=""7"" fill=""none"" stroke=""#000""    stroke-width=""2.5""/><circle cx=""37"" cy=""13"" r=""7"" fill=""none"" stroke=""#ee334e"" stroke-width=""2.5""/><circle cx=""16"" cy=""23"" r=""7"" fill=""none"" stroke=""#fcb131"" stroke-width=""2.5""/><circle cx=""30"" cy=""23"" r=""7"" fill=""none"" stroke=""#00a651"" stroke-width=""2.5""/></svg>"
Bangkok,Thailand,68,1,13.75,100.52,"<svg xmlns=""http://www.w3.org/2000/svg"" viewBox=""0 0 22 22""><polygon points=""3,10 13,10 13,7 19,11 13,15 13,12 3,12"" fill=""#0078d4"" transform=""rotate(39,11,11)""/></svg>"
Brisbane,Australia,68,2,-27.47,153.02,"<svg xmlns=""http://www.w3.org/2000/svg"" viewBox=""0 0 62 36""><circle cx=""9""  cy=""13"" r=""7"" fill=""none"" stroke=""#0081c8"" stroke-width=""2.5""/><circle cx=""23"" cy=""13"" r=""7"" fill=""none"" stroke=""#000""    stroke-width=""2.5""/><circle cx=""37"" cy=""13"" r=""7"" fill=""none"" stroke=""#ee334e"" stroke-width=""2.5""/><circle cx=""16"" cy=""23"" r=""7"" fill=""none"" stroke=""#fcb131"" stroke-width=""2.5""/><circle cx=""30"" cy=""23"" r=""7"" fill=""none"" stroke=""#00a651"" stroke-width=""2.5""/></svg>"
Dili,Timor-Leste,69,1,-8.56,125.58,"<svg xmlns=""http://www.w3.org/2000/svg"" viewBox=""0 0 22 22""><polygon points=""3,10 13,10 13,7 19,11 13,15 13,12 3,12"" fill=""#0078d4"" transform=""rotate(36,11,11)""/></svg>"
Brisbane,Australia,69,2,-27.47,153.02,"<svg xmlns=""http://www.w3.org/2000/svg"" viewBox=""0 0 62 36""><circle cx=""9""  cy=""13"" r=""7"" fill=""none"" stroke=""#0081c8"" stroke-width=""2.5""/><circle cx=""23"" cy=""13"" r=""7"" fill=""none"" stroke=""#000""    stroke-width=""2.5""/><circle cx=""37"" cy=""13"" r=""7"" fill=""none"" stroke=""#ee334e"" stroke-width=""2.5""/><circle cx=""16"" cy=""23"" r=""7"" fill=""none"" stroke=""#fcb131"" stroke-width=""2.5""/><circle cx=""30"" cy=""23"" r=""7"" fill=""none"" stroke=""#00a651"" stroke-width=""2.5""/></svg>"
Ankara,Turkey,70,1,39.93,32.86,"<svg xmlns=""http://www.w3.org/2000/svg"" viewBox=""0 0 22 22""><polygon points=""3,10 13,10 13,7 19,11 13,15 13,12 3,12"" fill=""#0078d4"" transform=""rotate(31,11,11)""/></svg>"
Brisbane,Australia,70,2,-27.47,153.02,"<svg xmlns=""http://www.w3.org/2000/svg"" viewBox=""0 0 62 36""><circle cx=""9""  cy=""13"" r=""7"" fill=""none"" stroke=""#0081c8"" stroke-width=""2.5""/><circle cx=""23"" cy=""13"" r=""7"" fill=""none"" stroke=""#000""    stroke-width=""2.5""/><circle cx=""37"" cy=""13"" r=""7"" fill=""none"" stroke=""#ee334e"" stroke-width=""2.5""/><circle cx=""16"" cy=""23"" r=""7"" fill=""none"" stroke=""#fcb131"" stroke-width=""2.5""/><circle cx=""30"" cy=""23"" r=""7"" fill=""none"" stroke=""#00a651"" stroke-width=""2.5""/></svg>"
Ashgabat,Turkmenistan,71,1,37.95,58.38,"<svg xmlns=""http://www.w3.org/2000/svg"" viewBox=""0 0 22 22""><polygon points=""3,10 13,10 13,7 19,11 13,15 13,12 3,12"" fill=""#0078d4"" transform=""rotate(36,11,11)""/></svg>"
Brisbane,Australia,71,2,-27.47,153.02,"<svg xmlns=""http://www.w3.org/2000/svg"" viewBox=""0 0 62 36""><circle cx=""9""  cy=""13"" r=""7"" fill=""none"" stroke=""#0081c8"" stroke-width=""2.5""/><circle cx=""23"" cy=""13"" r=""7"" fill=""none"" stroke=""#000""    stroke-width=""2.5""/><circle cx=""37"" cy=""13"" r=""7"" fill=""none"" stroke=""#ee334e"" stroke-width=""2.5""/><circle cx=""16"" cy=""23"" r=""7"" fill=""none"" stroke=""#fcb131"" stroke-width=""2.5""/><circle cx=""30"" cy=""23"" r=""7"" fill=""none"" stroke=""#00a651"" stroke-width=""2.5""/></svg>"
Tashkent,Uzbekistan,72,1,41.3,69.27,"<svg xmlns=""http://www.w3.org/2000/svg"" viewBox=""0 0 22 22""><polygon points=""3,10 13,10 13,7 19,11 13,15 13,12 3,12"" fill=""#0078d4"" transform=""rotate(41,11,11)""/></svg>"
Brisbane,Australia,72,2,-27.47,153.02,"<svg xmlns=""http://www.w3.org/2000/svg"" viewBox=""0 0 62 36""><circle cx=""9""  cy=""13"" r=""7"" fill=""none"" stroke=""#0081c8"" stroke-width=""2.5""/><circle cx=""23"" cy=""13"" r=""7"" fill=""none"" stroke=""#000""    stroke-width=""2.5""/><circle cx=""37"" cy=""13"" r=""7"" fill=""none"" stroke=""#ee334e"" stroke-width=""2.5""/><circle cx=""16"" cy=""23"" r=""7"" fill=""none"" stroke=""#fcb131"" stroke-width=""2.5""/><circle cx=""30"" cy=""23"" r=""7"" fill=""none"" stroke=""#00a651"" stroke-width=""2.5""/></svg>"
Hanoi,Vietnam,73,1,21.03,105.85,"<svg xmlns=""http://www.w3.org/2000/svg"" viewBox=""0 0 22 22""><polygon points=""3,10 13,10 13,7 19,11 13,15 13,12 3,12"" fill=""#0078d4"" transform=""rotate(47,11,11)""/></svg>"
Brisbane,Australia,73,2,-27.47,153.02,"<svg xmlns=""http://www.w3.org/2000/svg"" viewBox=""0 0 62 36""><circle cx=""9""  cy=""13"" r=""7"" fill=""none"" stroke=""#0081c8"" stroke-width=""2.5""/><circle cx=""23"" cy=""13"" r=""7"" fill=""none"" stroke=""#000""    stroke-width=""2.5""/><circle cx=""37"" cy=""13"" r=""7"" fill=""none"" stroke=""#ee334e"" stroke-width=""2.5""/><circle cx=""16"" cy=""23"" r=""7"" fill=""none"" stroke=""#fcb131"" stroke-width=""2.5""/><circle cx=""30"" cy=""23"" r=""7"" fill=""none"" stroke=""#00a651"" stroke-width=""2.5""/></svg>"
Sana'a,Yemen,74,1,15.36,44.21,"<svg xmlns=""http://www.w3.org/2000/svg"" viewBox=""0 0 22 22""><polygon points=""3,10 13,10 13,7 19,11 13,15 13,12 3,12"" fill=""#0078d4"" transform=""rotate(22,11,11)""/></svg>"
Brisbane,Australia,74,2,-27.47,153.02,"<svg xmlns=""http://www.w3.org/2000/svg"" viewBox=""0 0 62 36""><circle cx=""9""  cy=""13"" r=""7"" fill=""none"" stroke=""#0081c8"" stroke-width=""2.5""/><circle cx=""23"" cy=""13"" r=""7"" fill=""none"" stroke=""#000""    stroke-width=""2.5""/><circle cx=""37"" cy=""13"" r=""7"" fill=""none"" stroke=""#ee334e"" stroke-width=""2.5""/><circle cx=""16"" cy=""23"" r=""7"" fill=""none"" stroke=""#fcb131"" stroke-width=""2.5""/><circle cx=""30"" cy=""23"" r=""7"" fill=""none"" stroke=""#00a651"" stroke-width=""2.5""/></svg>"
Andorra la Vella,Andorra,75,1,42.51,1.53,"<svg xmlns=""http://www.w3.org/2000/svg"" viewBox=""0 0 22 22""><polygon points=""3,10 13,10 13,7 19,11 13,15 13,12 3,12"" fill=""#0078d4"" transform=""rotate(27,11,11)""/></svg>"
Brisbane,Australia,75,2,-27.47,153.02,"<svg xmlns=""http://www.w3.org/2000/svg"" viewBox=""0 0 62 36""><circle cx=""9""  cy=""13"" r=""7"" fill=""none"" stroke=""#0081c8"" stroke-width=""2.5""/><circle cx=""23"" cy=""13"" r=""7"" fill=""none"" stroke=""#000""    stroke-width=""2.5""/><circle cx=""37"" cy=""13"" r=""7"" fill=""none"" stroke=""#ee334e"" stroke-width=""2.5""/><circle cx=""16"" cy=""23"" r=""7"" fill=""none"" stroke=""#fcb131"" stroke-width=""2.5""/><circle cx=""30"" cy=""23"" r=""7"" fill=""none"" stroke=""#00a651"" stroke-width=""2.5""/></svg>"
Vienna,Austria,76,1,48.21,16.37,"<svg xmlns=""http://www.w3.org/2000/svg"" viewBox=""0 0 22 22""><polygon points=""3,10 13,10 13,7 19,11 13,15 13,12 3,12"" fill=""#0078d4"" transform=""rotate(32,11,11)""/></svg>"
Brisbane,Australia,76,2,-27.47,153.02,"<svg xmlns=""http://www.w3.org/2000/svg"" viewBox=""0 0 62 36""><circle cx=""9""  cy=""13"" r=""7"" fill=""none"" stroke=""#0081c8"" stroke-width=""2.5""/><circle cx=""23"" cy=""13"" r=""7"" fill=""none"" stroke=""#000""    stroke-width=""2.5""/><circle cx=""37"" cy=""13"" r=""7"" fill=""none"" stroke=""#ee334e"" stroke-width=""2.5""/><circle cx=""16"" cy=""23"" r=""7"" fill=""none"" stroke=""#fcb131"" stroke-width=""2.5""/><circle cx=""30"" cy=""23"" r=""7"" fill=""none"" stroke=""#00a651"" stroke-width=""2.5""/></svg>"
Minsk,Belarus,77,1,53.9,27.57,"<svg xmlns=""http://www.w3.org/2000/svg"" viewBox=""0 0 22 22""><polygon points=""3,10 13,10 13,7 19,11 13,15 13,12 3,12"" fill=""#0078d4"" transform=""rotate(36,11,11)""/></svg>"
Brisbane,Australia,77,2,-27.47,153.02,"<svg xmlns=""http://www.w3.org/2000/svg"" viewBox=""0 0 62 36""><circle cx=""9""  cy=""13"" r=""7"" fill=""none"" stroke=""#0081c8"" stroke-width=""2.5""/><circle cx=""23"" cy=""13"" r=""7"" fill=""none"" stroke=""#000""    stroke-width=""2.5""/><circle cx=""37"" cy=""13"" r=""7"" fill=""none"" stroke=""#ee334e"" stroke-width=""2.5""/><circle cx=""16"" cy=""23"" r=""7"" fill=""none"" stroke=""#fcb131"" stroke-width=""2.5""/><circle cx=""30"" cy=""23"" r=""7"" fill=""none"" stroke=""#00a651"" stroke-width=""2.5""/></svg>"
Brussels,Belgium,78,1,50.85,4.35,"<svg xmlns=""http://www.w3.org/2000/svg"" viewBox=""0 0 22 22""><polygon points=""3,10 13,10 13,7 19,11 13,15 13,12 3,12"" fill=""#0078d4"" transform=""rotate(31,11,11)""/></svg>"
Brisbane,Australia,78,2,-27.47,153.02,"<svg xmlns=""http://www.w3.org/2000/svg"" viewBox=""0 0 62 36""><circle cx=""9""  cy=""13"" r=""7"" fill=""none"" stroke=""#0081c8"" stroke-width=""2.5""/><circle cx=""23"" cy=""13"" r=""7"" fill=""none"" stroke=""#000""    stroke-width=""2.5""/><circle cx=""37"" cy=""13"" r=""7"" fill=""none"" stroke=""#ee334e"" stroke-width=""2.5""/><circle cx=""16"" cy=""23"" r=""7"" fill=""none"" stroke=""#fcb131"" stroke-width=""2.5""/><circle cx=""30"" cy=""23"" r=""7"" fill=""none"" stroke=""#00a651"" stroke-width=""2.5""/></svg>"
Prague,Czech Republic,79,1,50.08,14.44,"<svg xmlns=""http://www.w3.org/2000/svg"" viewBox=""0 0 22 22""><polygon points=""3,10 13,10 13,7 19,11 13,15 13,12 3,12"" fill=""#0078d4"" transform=""rotate(32,11,11)""/></svg>"
Brisbane,Australia,79,2,-27.47,153.02,"<svg xmlns=""http://www.w3.org/2000/svg"" viewBox=""0 0 62 36""><circle cx=""9""  cy=""13"" r=""7"" fill=""none"" stroke=""#0081c8"" stroke-width=""2.5""/><circle cx=""23"" cy=""13"" r=""7"" fill=""none"" stroke=""#000""    stroke-width=""2.5""/><circle cx=""37"" cy=""13"" r=""7"" fill=""none"" stroke=""#ee334e"" stroke-width=""2.5""/><circle cx=""16"" cy=""23"" r=""7"" fill=""none"" stroke=""#fcb131"" stroke-width=""2.5""/><circle cx=""30"" cy=""23"" r=""7"" fill=""none"" stroke=""#00a651"" stroke-width=""2.5""/></svg>"
Copenhagen,Denmark,80,1,55.68,12.57,"<svg xmlns=""http://www.w3.org/2000/svg"" viewBox=""0 0 22 22""><polygon points=""3,10 13,10 13,7 19,11 13,15 13,12 3,12"" fill=""#0078d4"" transform=""rotate(34,11,11)""/></svg>"
Brisbane,Australia,80,2,-27.47,153.02,"<svg xmlns=""http://www.w3.org/2000/svg"" viewBox=""0 0 62 36""><circle cx=""9""  cy=""13"" r=""7"" fill=""none"" stroke=""#0081c8"" stroke-width=""2.5""/><circle cx=""23"" cy=""13"" r=""7"" fill=""none"" stroke=""#000""    stroke-width=""2.5""/><circle cx=""37"" cy=""13"" r=""7"" fill=""none"" stroke=""#ee334e"" stroke-width=""2.5""/><circle cx=""16"" cy=""23"" r=""7"" fill=""none"" stroke=""#fcb131"" stroke-width=""2.5""/><circle cx=""30"" cy=""23"" r=""7"" fill=""none"" stroke=""#00a651"" stroke-width=""2.5""/></svg>"
Tallinn,Estonia,81,1,59.44,24.75,"<svg xmlns=""http://www.w3.org/2000/svg"" viewBox=""0 0 22 22""><polygon points=""3,10 13,10 13,7 19,11 13,15 13,12 3,12"" fill=""#0078d4"" transform=""rotate(39,11,11)""/></svg>"
Brisbane,Australia,81,2,-27.47,153.02,"<svg xmlns=""http://www.w3.org/2000/svg"" viewBox=""0 0 62 36""><circle cx=""9""  cy=""13"" r=""7"" fill=""none"" stroke=""#0081c8"" stroke-width=""2.5""/><circle cx=""23"" cy=""13"" r=""7"" fill=""none"" stroke=""#000""    stroke-width=""2.5""/><circle cx=""37"" cy=""13"" r=""7"" fill=""none"" stroke=""#ee334e"" stroke-width=""2.5""/><circle cx=""16"" cy=""23"" r=""7"" fill=""none"" stroke=""#fcb131"" stroke-width=""2.5""/><circle cx=""30"" cy=""23"" r=""7"" fill=""none"" stroke=""#00a651"" stroke-width=""2.5""/></svg>"
Helsinki,Finland,82,1,60.17,24.94,"<svg xmlns=""http://www.w3.org/2000/svg"" viewBox=""0 0 22 22""><polygon points=""3,10 13,10 13,7 19,11 13,15 13,12 3,12"" fill=""#0078d4"" transform=""rotate(39,11,11)""/></svg>"
Brisbane,Australia,82,2,-27.47,153.02,"<svg xmlns=""http://www.w3.org/2000/svg"" viewBox=""0 0 62 36""><circle cx=""9""  cy=""13"" r=""7"" fill=""none"" stroke=""#0081c8"" stroke-width=""2.5""/><circle cx=""23"" cy=""13"" r=""7"" fill=""none"" stroke=""#000""    stroke-width=""2.5""/><circle cx=""37"" cy=""13"" r=""7"" fill=""none"" stroke=""#ee334e"" stroke-width=""2.5""/><circle cx=""16"" cy=""23"" r=""7"" fill=""none"" stroke=""#fcb131"" stroke-width=""2.5""/><circle cx=""30"" cy=""23"" r=""7"" fill=""none"" stroke=""#00a651"" stroke-width=""2.5""/></svg>"
Paris,France,83,1,48.86,2.35,"<svg xmlns=""http://www.w3.org/2000/svg"" viewBox=""0 0 22 22""><polygon points=""3,10 13,10 13,7 19,11 13,15 13,12 3,12"" fill=""#0078d4"" transform=""rotate(29,11,11)""/></svg>"
Brisbane,Australia,83,2,-27.47,153.02,"<svg xmlns=""http://www.w3.org/2000/svg"" viewBox=""0 0 62 36""><circle cx=""9""  cy=""13"" r=""7"" fill=""none"" stroke=""#0081c8"" stroke-width=""2.5""/><circle cx=""23"" cy=""13"" r=""7"" fill=""none"" stroke=""#000""    stroke-width=""2.5""/><circle cx=""37"" cy=""13"" r=""7"" fill=""none"" stroke=""#ee334e"" stroke-width=""2.5""/><circle cx=""16"" cy=""23"" r=""7"" fill=""none"" stroke=""#fcb131"" stroke-width=""2.5""/><circle cx=""30"" cy=""23"" r=""7"" fill=""none"" stroke=""#00a651"" stroke-width=""2.5""/></svg>"
Berlin,Germany,84,1,52.52,13.41,"<svg xmlns=""http://www.w3.org/2000/svg"" viewBox=""0 0 22 22""><polygon points=""3,10 13,10 13,7 19,11 13,15 13,12 3,12"" fill=""#0078d4"" transform=""rotate(33,11,11)""/></svg>"
Brisbane,Australia,84,2,-27.47,153.02,"<svg xmlns=""http://www.w3.org/2000/svg"" viewBox=""0 0 62 36""><circle cx=""9""  cy=""13"" r=""7"" fill=""none"" stroke=""#0081c8"" stroke-width=""2.5""/><circle cx=""23"" cy=""13"" r=""7"" fill=""none"" stroke=""#000""    stroke-width=""2.5""/><circle cx=""37"" cy=""13"" r=""7"" fill=""none"" stroke=""#ee334e"" stroke-width=""2.5""/><circle cx=""16"" cy=""23"" r=""7"" fill=""none"" stroke=""#fcb131"" stroke-width=""2.5""/><circle cx=""30"" cy=""23"" r=""7"" fill=""none"" stroke=""#00a651"" stroke-width=""2.5""/></svg>"
Athens,Greece,85,1,37.98,23.73,"<svg xmlns=""http://www.w3.org/2000/svg"" viewBox=""0 0 22 22""><polygon points=""3,10 13,10 13,7 19,11 13,15 13,12 3,12"" fill=""#0078d4"" transform=""rotate(28,11,11)""/></svg>"
Brisbane,Australia,85,2,-27.47,153.02,"<svg xmlns=""http://www.w3.org/2000/svg"" viewBox=""0 0 62 36""><circle cx=""9""  cy=""13"" r=""7"" fill=""none"" stroke=""#0081c8"" stroke-width=""2.5""/><circle cx=""23"" cy=""13"" r=""7"" fill=""none"" stroke=""#000""    stroke-width=""2.5""/><circle cx=""37"" cy=""13"" r=""7"" fill=""none"" stroke=""#ee334e"" stroke-width=""2.5""/><circle cx=""16"" cy=""23"" r=""7"" fill=""none"" stroke=""#fcb131"" stroke-width=""2.5""/><circle cx=""30"" cy=""23"" r=""7"" fill=""none"" stroke=""#00a651"" stroke-width=""2.5""/></svg>"
Budapest,Hungary,86,1,47.5,19.04,"<svg xmlns=""http://www.w3.org/2000/svg"" viewBox=""0 0 22 22""><polygon points=""3,10 13,10 13,7 19,11 13,15 13,12 3,12"" fill=""#0078d4"" transform=""rotate(32,11,11)""/></svg>"
Brisbane,Australia,86,2,-27.47,153.02,"<svg xmlns=""http://www.w3.org/2000/svg"" viewBox=""0 0 62 36""><circle cx=""9""  cy=""13"" r=""7"" fill=""none"" stroke=""#0081c8"" stroke-width=""2.5""/><circle cx=""23"" cy=""13"" r=""7"" fill=""none"" stroke=""#000""    stroke-width=""2.5""/><circle cx=""37"" cy=""13"" r=""7"" fill=""none"" stroke=""#ee334e"" stroke-width=""2.5""/><circle cx=""16"" cy=""23"" r=""7"" fill=""none"" stroke=""#fcb131"" stroke-width=""2.5""/><circle cx=""30"" cy=""23"" r=""7"" fill=""none"" stroke=""#00a651"" stroke-width=""2.5""/></svg>"
Reykjavik,Iceland,87,1,64.13,-21.82,"<svg xmlns=""http://www.w3.org/2000/svg"" viewBox=""0 0 22 22""><polygon points=""3,10 13,10 13,7 19,11 13,15 13,12 3,12"" fill=""#0078d4"" transform=""rotate(33,11,11)""/></svg>"
Brisbane,Australia,87,2,-27.47,153.02,"<svg xmlns=""http://www.w3.org/2000/svg"" viewBox=""0 0 62 36""><circle cx=""9""  cy=""13"" r=""7"" fill=""none"" stroke=""#0081c8"" stroke-width=""2.5""/><circle cx=""23"" cy=""13"" r=""7"" fill=""none"" stroke=""#000""    stroke-width=""2.5""/><circle cx=""37"" cy=""13"" r=""7"" fill=""none"" stroke=""#ee334e"" stroke-width=""2.5""/><circle cx=""16"" cy=""23"" r=""7"" fill=""none"" stroke=""#fcb131"" stroke-width=""2.5""/><circle cx=""30"" cy=""23"" r=""7"" fill=""none"" stroke=""#00a651"" stroke-width=""2.5""/></svg>"
Dublin,Ireland,88,1,53.33,-6.25,"<svg xmlns=""http://www.w3.org/2000/svg"" viewBox=""0 0 22 22""><polygon points=""3,10 13,10 13,7 19,11 13,15 13,12 3,12"" fill=""#0078d4"" transform=""rotate(30,11,11)""/></svg>"
Brisbane,Australia,88,2,-27.47,153.02,"<svg xmlns=""http://www.w3.org/2000/svg"" viewBox=""0 0 62 36""><circle cx=""9""  cy=""13"" r=""7"" fill=""none"" stroke=""#0081c8"" stroke-width=""2.5""/><circle cx=""23"" cy=""13"" r=""7"" fill=""none"" stroke=""#000""    stroke-width=""2.5""/><circle cx=""37"" cy=""13"" r=""7"" fill=""none"" stroke=""#ee334e"" stroke-width=""2.5""/><circle cx=""16"" cy=""23"" r=""7"" fill=""none"" stroke=""#fcb131"" stroke-width=""2.5""/><circle cx=""30"" cy=""23"" r=""7"" fill=""none"" stroke=""#00a651"" stroke-width=""2.5""/></svg>"
Rome,Italy,89,1,41.9,12.48,"<svg xmlns=""http://www.w3.org/2000/svg"" viewBox=""0 0 22 22""><polygon points=""3,10 13,10 13,7 19,11 13,15 13,12 3,12"" fill=""#0078d4"" transform=""rotate(28,11,11)""/></svg>"
Brisbane,Australia,89,2,-27.47,153.02,"<svg xmlns=""http://www.w3.org/2000/svg"" viewBox=""0 0 62 36""><circle cx=""9""  cy=""13"" r=""7"" fill=""none"" stroke=""#0081c8"" stroke-width=""2.5""/><circle cx=""23"" cy=""13"" r=""7"" fill=""none"" stroke=""#000""    stroke-width=""2.5""/><circle cx=""37"" cy=""13"" r=""7"" fill=""none"" stroke=""#ee334e"" stroke-width=""2.5""/><circle cx=""16"" cy=""23"" r=""7"" fill=""none"" stroke=""#fcb131"" stroke-width=""2.5""/><circle cx=""30"" cy=""23"" r=""7"" fill=""none"" stroke=""#00a651"" stroke-width=""2.5""/></svg>"
Riga,Latvia,90,1,56.95,24.11,"<svg xmlns=""http://www.w3.org/2000/svg"" viewBox=""0 0 22 22""><polygon points=""3,10 13,10 13,7 19,11 13,15 13,12 3,12"" fill=""#0078d4"" transform=""rotate(37,11,11)""/></svg>"
Brisbane,Australia,90,2,-27.47,153.02,"<svg xmlns=""http://www.w3.org/2000/svg"" viewBox=""0 0 62 36""><circle cx=""9""  cy=""13"" r=""7"" fill=""none"" stroke=""#0081c8"" stroke-width=""2.5""/><circle cx=""23"" cy=""13"" r=""7"" fill=""none"" stroke=""#000""    stroke-width=""2.5""/><circle cx=""37"" cy=""13"" r=""7"" fill=""none"" stroke=""#ee334e"" stroke-width=""2.5""/><circle cx=""16"" cy=""23"" r=""7"" fill=""none"" stroke=""#fcb131"" stroke-width=""2.5""/><circle cx=""30"" cy=""23"" r=""7"" fill=""none"" stroke=""#00a651"" stroke-width=""2.5""/></svg>"
Vaduz,Liechtenstein,91,1,47.14,9.52,"<svg xmlns=""http://www.w3.org/2000/svg"" viewBox=""0 0 22 22""><polygon points=""3,10 13,10 13,7 19,11 13,15 13,12 3,12"" fill=""#0078d4"" transform=""rotate(30,11,11)""/></svg>"
Brisbane,Australia,91,2,-27.47,153.02,"<svg xmlns=""http://www.w3.org/2000/svg"" viewBox=""0 0 62 36""><circle cx=""9""  cy=""13"" r=""7"" fill=""none"" stroke=""#0081c8"" stroke-width=""2.5""/><circle cx=""23"" cy=""13"" r=""7"" fill=""none"" stroke=""#000""    stroke-width=""2.5""/><circle cx=""37"" cy=""13"" r=""7"" fill=""none"" stroke=""#ee334e"" stroke-width=""2.5""/><circle cx=""16"" cy=""23"" r=""7"" fill=""none"" stroke=""#fcb131"" stroke-width=""2.5""/><circle cx=""30"" cy=""23"" r=""7"" fill=""none"" stroke=""#00a651"" stroke-width=""2.5""/></svg>"
Vilnius,Lithuania,92,1,54.69,25.28,"<svg xmlns=""http://www.w3.org/2000/svg"" viewBox=""0 0 22 22""><polygon points=""3,10 13,10 13,7 19,11 13,15 13,12 3,12"" fill=""#0078d4"" transform=""rotate(36,11,11)""/></svg>"
Brisbane,Australia,92,2,-27.47,153.02,"<svg xmlns=""http://www.w3.org/2000/svg"" viewBox=""0 0 62 36""><circle cx=""9""  cy=""13"" r=""7"" fill=""none"" stroke=""#0081c8"" stroke-width=""2.5""/><circle cx=""23"" cy=""13"" r=""7"" fill=""none"" stroke=""#000""    stroke-width=""2.5""/><circle cx=""37"" cy=""13"" r=""7"" fill=""none"" stroke=""#ee334e"" stroke-width=""2.5""/><circle cx=""16"" cy=""23"" r=""7"" fill=""none"" stroke=""#fcb131"" stroke-width=""2.5""/><circle cx=""30"" cy=""23"" r=""7"" fill=""none"" stroke=""#00a651"" stroke-width=""2.5""/></svg>"
Luxembourg,Luxembourg,93,1,49.61,6.13,"<svg xmlns=""http://www.w3.org/2000/svg"" viewBox=""0 0 22 22""><polygon points=""3,10 13,10 13,7 19,11 13,15 13,12 3,12"" fill=""#0078d4"" transform=""rotate(30,11,11)""/></svg>"
Brisbane,Australia,93,2,-27.47,153.02,"<svg xmlns=""http://www.w3.org/2000/svg"" viewBox=""0 0 62 36""><circle cx=""9""  cy=""13"" r=""7"" fill=""none"" stroke=""#0081c8"" stroke-width=""2.5""/><circle cx=""23"" cy=""13"" r=""7"" fill=""none"" stroke=""#000""    stroke-width=""2.5""/><circle cx=""37"" cy=""13"" r=""7"" fill=""none"" stroke=""#ee334e"" stroke-width=""2.5""/><circle cx=""16"" cy=""23"" r=""7"" fill=""none"" stroke=""#fcb131"" stroke-width=""2.5""/><circle cx=""30"" cy=""23"" r=""7"" fill=""none"" stroke=""#00a651"" stroke-width=""2.5""/></svg>"
Valletta,Malta,94,1,35.9,14.51,"<svg xmlns=""http://www.w3.org/2000/svg"" viewBox=""0 0 22 22""><polygon points=""3,10 13,10 13,7 19,11 13,15 13,12 3,12"" fill=""#0078d4"" transform=""rotate(26,11,11)""/></svg>"
Brisbane,Australia,94,2,-27.47,153.02,"<svg xmlns=""http://www.w3.org/2000/svg"" viewBox=""0 0 62 36""><circle cx=""9""  cy=""13"" r=""7"" fill=""none"" stroke=""#0081c8"" stroke-width=""2.5""/><circle cx=""23"" cy=""13"" r=""7"" fill=""none"" stroke=""#000""    stroke-width=""2.5""/><circle cx=""37"" cy=""13"" r=""7"" fill=""none"" stroke=""#ee334e"" stroke-width=""2.5""/><circle cx=""16"" cy=""23"" r=""7"" fill=""none"" stroke=""#fcb131"" stroke-width=""2.5""/><circle cx=""30"" cy=""23"" r=""7"" fill=""none"" stroke=""#00a651"" stroke-width=""2.5""/></svg>"
Chișinău,Moldova,95,1,47.01,28.86,"<svg xmlns=""http://www.w3.org/2000/svg"" viewBox=""0 0 22 22""><polygon points=""3,10 13,10 13,7 19,11 13,15 13,12 3,12"" fill=""#0078d4"" transform=""rotate(33,11,11)""/></svg>"
Brisbane,Australia,95,2,-27.47,153.02,"<svg xmlns=""http://www.w3.org/2000/svg"" viewBox=""0 0 62 36""><circle cx=""9""  cy=""13"" r=""7"" fill=""none"" stroke=""#0081c8"" stroke-width=""2.5""/><circle cx=""23"" cy=""13"" r=""7"" fill=""none"" stroke=""#000""    stroke-width=""2.5""/><circle cx=""37"" cy=""13"" r=""7"" fill=""none"" stroke=""#ee334e"" stroke-width=""2.5""/><circle cx=""16"" cy=""23"" r=""7"" fill=""none"" stroke=""#fcb131"" stroke-width=""2.5""/><circle cx=""30"" cy=""23"" r=""7"" fill=""none"" stroke=""#00a651"" stroke-width=""2.5""/></svg>"
Monaco,Monaco,96,1,43.74,7.41,"<svg xmlns=""http://www.w3.org/2000/svg"" viewBox=""0 0 22 22""><polygon points=""3,10 13,10 13,7 19,11 13,15 13,12 3,12"" fill=""#0078d4"" transform=""rotate(28,11,11)""/></svg>"
Brisbane,Australia,96,2,-27.47,153.02,"<svg xmlns=""http://www.w3.org/2000/svg"" viewBox=""0 0 62 36""><circle cx=""9""  cy=""13"" r=""7"" fill=""none"" stroke=""#0081c8"" stroke-width=""2.5""/><circle cx=""23"" cy=""13"" r=""7"" fill=""none"" stroke=""#000""    stroke-width=""2.5""/><circle cx=""37"" cy=""13"" r=""7"" fill=""none"" stroke=""#ee334e"" stroke-width=""2.5""/><circle cx=""16"" cy=""23"" r=""7"" fill=""none"" stroke=""#fcb131"" stroke-width=""2.5""/><circle cx=""30"" cy=""23"" r=""7"" fill=""none"" stroke=""#00a651"" stroke-width=""2.5""/></svg>"
Amsterdam,Netherlands,97,1,52.37,4.9,"<svg xmlns=""http://www.w3.org/2000/svg"" viewBox=""0 0 22 22""><polygon points=""3,10 13,10 13,7 19,11 13,15 13,12 3,12"" fill=""#0078d4"" transform=""rotate(31,11,11)""/></svg>"
Brisbane,Australia,97,2,-27.47,153.02,"<svg xmlns=""http://www.w3.org/2000/svg"" viewBox=""0 0 62 36""><circle cx=""9""  cy=""13"" r=""7"" fill=""none"" stroke=""#0081c8"" stroke-width=""2.5""/><circle cx=""23"" cy=""13"" r=""7"" fill=""none"" stroke=""#000""    stroke-width=""2.5""/><circle cx=""37"" cy=""13"" r=""7"" fill=""none"" stroke=""#ee334e"" stroke-width=""2.5""/><circle cx=""16"" cy=""23"" r=""7"" fill=""none"" stroke=""#fcb131"" stroke-width=""2.5""/><circle cx=""30"" cy=""23"" r=""7"" fill=""none"" stroke=""#00a651"" stroke-width=""2.5""/></svg>"
Oslo,Norway,98,1,59.91,10.75,"<svg xmlns=""http://www.w3.org/2000/svg"" viewBox=""0 0 22 22""><polygon points=""3,10 13,10 13,7 19,11 13,15 13,12 3,12"" fill=""#0078d4"" transform=""rotate(36,11,11)""/></svg>"
Brisbane,Australia,98,2,-27.47,153.02,"<svg xmlns=""http://www.w3.org/2000/svg"" viewBox=""0 0 62 36""><circle cx=""9""  cy=""13"" r=""7"" fill=""none"" stroke=""#0081c8"" stroke-width=""2.5""/><circle cx=""23"" cy=""13"" r=""7"" fill=""none"" stroke=""#000""    stroke-width=""2.5""/><circle cx=""37"" cy=""13"" r=""7"" fill=""none"" stroke=""#ee334e"" stroke-width=""2.5""/><circle cx=""16"" cy=""23"" r=""7"" fill=""none"" stroke=""#fcb131"" stroke-width=""2.5""/><circle cx=""30"" cy=""23"" r=""7"" fill=""none"" stroke=""#00a651"" stroke-width=""2.5""/></svg>"
Warsaw,Poland,99,1,52.23,21.01,"<svg xmlns=""http://www.w3.org/2000/svg"" viewBox=""0 0 22 22""><polygon points=""3,10 13,10 13,7 19,11 13,15 13,12 3,12"" fill=""#0078d4"" transform=""rotate(34,11,11)""/></svg>"
Brisbane,Australia,99,2,-27.47,153.02,"<svg xmlns=""http://www.w3.org/2000/svg"" viewBox=""0 0 62 36""><circle cx=""9""  cy=""13"" r=""7"" fill=""none"" stroke=""#0081c8"" stroke-width=""2.5""/><circle cx=""23"" cy=""13"" r=""7"" fill=""none"" stroke=""#000""    stroke-width=""2.5""/><circle cx=""37"" cy=""13"" r=""7"" fill=""none"" stroke=""#ee334e"" stroke-width=""2.5""/><circle cx=""16"" cy=""23"" r=""7"" fill=""none"" stroke=""#fcb131"" stroke-width=""2.5""/><circle cx=""30"" cy=""23"" r=""7"" fill=""none"" stroke=""#00a651"" stroke-width=""2.5""/></svg>"
Lisbon,Portugal,100,1,38.72,-9.14,"<svg xmlns=""http://www.w3.org/2000/svg"" viewBox=""0 0 22 22""><polygon points=""3,10 13,10 13,7 19,11 13,15 13,12 3,12"" fill=""#0078d4"" transform=""rotate(24,11,11)""/></svg>"
Brisbane,Australia,100,2,-27.47,153.02,"<svg xmlns=""http://www.w3.org/2000/svg"" viewBox=""0 0 62 36""><circle cx=""9""  cy=""13"" r=""7"" fill=""none"" stroke=""#0081c8"" stroke-width=""2.5""/><circle cx=""23"" cy=""13"" r=""7"" fill=""none"" stroke=""#000""    stroke-width=""2.5""/><circle cx=""37"" cy=""13"" r=""7"" fill=""none"" stroke=""#ee334e"" stroke-width=""2.5""/><circle cx=""16"" cy=""23"" r=""7"" fill=""none"" stroke=""#fcb131"" stroke-width=""2.5""/><circle cx=""30"" cy=""23"" r=""7"" fill=""none"" stroke=""#00a651"" stroke-width=""2.5""/></svg>"
Bucharest,Romania,101,1,44.43,26.1,"<svg xmlns=""http://www.w3.org/2000/svg"" viewBox=""0 0 22 22""><polygon points=""3,10 13,10 13,7 19,11 13,15 13,12 3,12"" fill=""#0078d4"" transform=""rotate(32,11,11)""/></svg>"
Brisbane,Australia,101,2,-27.47,153.02,"<svg xmlns=""http://www.w3.org/2000/svg"" viewBox=""0 0 62 36""><circle cx=""9""  cy=""13"" r=""7"" fill=""none"" stroke=""#0081c8"" stroke-width=""2.5""/><circle cx=""23"" cy=""13"" r=""7"" fill=""none"" stroke=""#000""    stroke-width=""2.5""/><circle cx=""37"" cy=""13"" r=""7"" fill=""none"" stroke=""#ee334e"" stroke-width=""2.5""/><circle cx=""16"" cy=""23"" r=""7"" fill=""none"" stroke=""#fcb131"" stroke-width=""2.5""/><circle cx=""30"" cy=""23"" r=""7"" fill=""none"" stroke=""#00a651"" stroke-width=""2.5""/></svg>"
San Marino,San Marino,102,1,43.94,12.46,"<svg xmlns=""http://www.w3.org/2000/svg"" viewBox=""0 0 22 22""><polygon points=""3,10 13,10 13,7 19,11 13,15 13,12 3,12"" fill=""#0078d4"" transform=""rotate(29,11,11)""/></svg>"
Brisbane,Australia,102,2,-27.47,153.02,"<svg xmlns=""http://www.w3.org/2000/svg"" viewBox=""0 0 62 36""><circle cx=""9""  cy=""13"" r=""7"" fill=""none"" stroke=""#0081c8"" stroke-width=""2.5""/><circle cx=""23"" cy=""13"" r=""7"" fill=""none"" stroke=""#000""    stroke-width=""2.5""/><circle cx=""37"" cy=""13"" r=""7"" fill=""none"" stroke=""#ee334e"" stroke-width=""2.5""/><circle cx=""16"" cy=""23"" r=""7"" fill=""none"" stroke=""#fcb131"" stroke-width=""2.5""/><circle cx=""30"" cy=""23"" r=""7"" fill=""none"" stroke=""#00a651"" stroke-width=""2.5""/></svg>"
Bratislava,Slovakia,103,1,48.15,17.11,"<svg xmlns=""http://www.w3.org/2000/svg"" viewBox=""0 0 22 22""><polygon points=""3,10 13,10 13,7 19,11 13,15 13,12 3,12"" fill=""#0078d4"" transform=""rotate(32,11,11)""/></svg>"
Brisbane,Australia,103,2,-27.47,153.02,"<svg xmlns=""http://www.w3.org/2000/svg"" viewBox=""0 0 62 36""><circle cx=""9""  cy=""13"" r=""7"" fill=""none"" stroke=""#0081c8"" stroke-width=""2.5""/><circle cx=""23"" cy=""13"" r=""7"" fill=""none"" stroke=""#000""    stroke-width=""2.5""/><circle cx=""37"" cy=""13"" r=""7"" fill=""none"" stroke=""#ee334e"" stroke-width=""2.5""/><circle cx=""16"" cy=""23"" r=""7"" fill=""none"" stroke=""#fcb131"" stroke-width=""2.5""/><circle cx=""30"" cy=""23"" r=""7"" fill=""none"" stroke=""#00a651"" stroke-width=""2.5""/></svg>"
Madrid,Spain,104,1,40.42,-3.7,"<svg xmlns=""http://www.w3.org/2000/svg"" viewBox=""0 0 22 22""><polygon points=""3,10 13,10 13,7 19,11 13,15 13,12 3,12"" fill=""#0078d4"" transform=""rotate(25,11,11)""/></svg>"
Brisbane,Australia,104,2,-27.47,153.02,"<svg xmlns=""http://www.w3.org/2000/svg"" viewBox=""0 0 62 36""><circle cx=""9""  cy=""13"" r=""7"" fill=""none"" stroke=""#0081c8"" stroke-width=""2.5""/><circle cx=""23"" cy=""13"" r=""7"" fill=""none"" stroke=""#000""    stroke-width=""2.5""/><circle cx=""37"" cy=""13"" r=""7"" fill=""none"" stroke=""#ee334e"" stroke-width=""2.5""/><circle cx=""16"" cy=""23"" r=""7"" fill=""none"" stroke=""#fcb131"" stroke-width=""2.5""/><circle cx=""30"" cy=""23"" r=""7"" fill=""none"" stroke=""#00a651"" stroke-width=""2.5""/></svg>"
Stockholm,Sweden,105,1,59.33,18.07,"<svg xmlns=""http://www.w3.org/2000/svg"" viewBox=""0 0 22 22""><polygon points=""3,10 13,10 13,7 19,11 13,15 13,12 3,12"" fill=""#0078d4"" transform=""rotate(37,11,11)""/></svg>"
Brisbane,Australia,105,2,-27.47,153.02,"<svg xmlns=""http://www.w3.org/2000/svg"" viewBox=""0 0 62 36""><circle cx=""9""  cy=""13"" r=""7"" fill=""none"" stroke=""#0081c8"" stroke-width=""2.5""/><circle cx=""23"" cy=""13"" r=""7"" fill=""none"" stroke=""#000""    stroke-width=""2.5""/><circle cx=""37"" cy=""13"" r=""7"" fill=""none"" stroke=""#ee334e"" stroke-width=""2.5""/><circle cx=""16"" cy=""23"" r=""7"" fill=""none"" stroke=""#fcb131"" stroke-width=""2.5""/><circle cx=""30"" cy=""23"" r=""7"" fill=""none"" stroke=""#00a651"" stroke-width=""2.5""/></svg>"
Bern,Switzerland,106,1,46.95,7.45,"<svg xmlns=""http://www.w3.org/2000/svg"" viewBox=""0 0 22 22""><polygon points=""3,10 13,10 13,7 19,11 13,15 13,12 3,12"" fill=""#0078d4"" transform=""rotate(29,11,11)""/></svg>"
Brisbane,Australia,106,2,-27.47,153.02,"<svg xmlns=""http://www.w3.org/2000/svg"" viewBox=""0 0 62 36""><circle cx=""9""  cy=""13"" r=""7"" fill=""none"" stroke=""#0081c8"" stroke-width=""2.5""/><circle cx=""23"" cy=""13"" r=""7"" fill=""none"" stroke=""#000""    stroke-width=""2.5""/><circle cx=""37"" cy=""13"" r=""7"" fill=""none"" stroke=""#ee334e"" stroke-width=""2.5""/><circle cx=""16"" cy=""23"" r=""7"" fill=""none"" stroke=""#fcb131"" stroke-width=""2.5""/><circle cx=""30"" cy=""23"" r=""7"" fill=""none"" stroke=""#00a651"" stroke-width=""2.5""/></svg>"
Kyiv,Ukraine,107,1,50.45,30.52,"<svg xmlns=""http://www.w3.org/2000/svg"" viewBox=""0 0 22 22""><polygon points=""3,10 13,10 13,7 19,11 13,15 13,12 3,12"" fill=""#0078d4"" transform=""rotate(35,11,11)""/></svg>"
Brisbane,Australia,107,2,-27.47,153.02,"<svg xmlns=""http://www.w3.org/2000/svg"" viewBox=""0 0 62 36""><circle cx=""9""  cy=""13"" r=""7"" fill=""none"" stroke=""#0081c8"" stroke-width=""2.5""/><circle cx=""23"" cy=""13"" r=""7"" fill=""none"" stroke=""#000""    stroke-width=""2.5""/><circle cx=""37"" cy=""13"" r=""7"" fill=""none"" stroke=""#ee334e"" stroke-width=""2.5""/><circle cx=""16"" cy=""23"" r=""7"" fill=""none"" stroke=""#fcb131"" stroke-width=""2.5""/><circle cx=""30"" cy=""23"" r=""7"" fill=""none"" stroke=""#00a651"" stroke-width=""2.5""/></svg>"
London,United Kingdom,108,1,51.51,-0.13,"<svg xmlns=""http://www.w3.org/2000/svg"" viewBox=""0 0 22 22""><polygon points=""3,10 13,10 13,7 19,11 13,15 13,12 3,12"" fill=""#0078d4"" transform=""rotate(30,11,11)""/></svg>"
Brisbane,Australia,108,2,-27.47,153.02,"<svg xmlns=""http://www.w3.org/2000/svg"" viewBox=""0 0 62 36""><circle cx=""9""  cy=""13"" r=""7"" fill=""none"" stroke=""#0081c8"" stroke-width=""2.5""/><circle cx=""23"" cy=""13"" r=""7"" fill=""none"" stroke=""#000""    stroke-width=""2.5""/><circle cx=""37"" cy=""13"" r=""7"" fill=""none"" stroke=""#ee334e"" stroke-width=""2.5""/><circle cx=""16"" cy=""23"" r=""7"" fill=""none"" stroke=""#fcb131"" stroke-width=""2.5""/><circle cx=""30"" cy=""23"" r=""7"" fill=""none"" stroke=""#00a651"" stroke-width=""2.5""/></svg>"
Belmopan,Belize,109,1,17.25,-88.77,"<svg xmlns=""http://www.w3.org/2000/svg"" viewBox=""0 0 22 22""><polygon points=""3,10 13,10 13,7 19,11 13,15 13,12 3,12"" fill=""#0078d4"" transform=""rotate(11,11,11)""/></svg>"
Brisbane,Australia,109,2,-27.47,153.02,"<svg xmlns=""http://www.w3.org/2000/svg"" viewBox=""0 0 62 36""><circle cx=""9""  cy=""13"" r=""7"" fill=""none"" stroke=""#0081c8"" stroke-width=""2.5""/><circle cx=""23"" cy=""13"" r=""7"" fill=""none"" stroke=""#000""    stroke-width=""2.5""/><circle cx=""37"" cy=""13"" r=""7"" fill=""none"" stroke=""#ee334e"" stroke-width=""2.5""/><circle cx=""16"" cy=""23"" r=""7"" fill=""none"" stroke=""#fcb131"" stroke-width=""2.5""/><circle cx=""30"" cy=""23"" r=""7"" fill=""none"" stroke=""#00a651"" stroke-width=""2.5""/></svg>"
Ottawa,Canada,110,1,45.42,-75.7,"<svg xmlns=""http://www.w3.org/2000/svg"" viewBox=""0 0 22 22""><polygon points=""3,10 13,10 13,7 19,11 13,15 13,12 3,12"" fill=""#0078d4"" transform=""rotate(19,11,11)""/></svg>"
Brisbane,Australia,110,2,-27.47,153.02,"<svg xmlns=""http://www.w3.org/2000/svg"" viewBox=""0 0 62 36""><circle cx=""9""  cy=""13"" r=""7"" fill=""none"" stroke=""#0081c8"" stroke-width=""2.5""/><circle cx=""23"" cy=""13"" r=""7"" fill=""none"" stroke=""#000""    stroke-width=""2.5""/><circle cx=""37"" cy=""13"" r=""7"" fill=""none"" stroke=""#ee334e"" stroke-width=""2.5""/><circle cx=""16"" cy=""23"" r=""7"" fill=""none"" stroke=""#fcb131"" stroke-width=""2.5""/><circle cx=""30"" cy=""23"" r=""7"" fill=""none"" stroke=""#00a651"" stroke-width=""2.5""/></svg>"
San José,Costa Rica,111,1,9.93,-84.08,"<svg xmlns=""http://www.w3.org/2000/svg"" viewBox=""0 0 22 22""><polygon points=""3,10 13,10 13,7 19,11 13,15 13,12 3,12"" fill=""#0078d4"" transform=""rotate(9,11,11)""/></svg>"
Brisbane,Australia,111,2,-27.47,153.02,"<svg xmlns=""http://www.w3.org/2000/svg"" viewBox=""0 0 62 36""><circle cx=""9""  cy=""13"" r=""7"" fill=""none"" stroke=""#0081c8"" stroke-width=""2.5""/><circle cx=""23"" cy=""13"" r=""7"" fill=""none"" stroke=""#000""    stroke-width=""2.5""/><circle cx=""37"" cy=""13"" r=""7"" fill=""none"" stroke=""#ee334e"" stroke-width=""2.5""/><circle cx=""16"" cy=""23"" r=""7"" fill=""none"" stroke=""#fcb131"" stroke-width=""2.5""/><circle cx=""30"" cy=""23"" r=""7"" fill=""none"" stroke=""#00a651"" stroke-width=""2.5""/></svg>"
San Salvador,El Salvador,112,1,13.7,-89.22,"<svg xmlns=""http://www.w3.org/2000/svg"" viewBox=""0 0 22 22""><polygon points=""3,10 13,10 13,7 19,11 13,15 13,12 3,12"" fill=""#0078d4"" transform=""rotate(10,11,11)""/></svg>"
Brisbane,Australia,112,2,-27.47,153.02,"<svg xmlns=""http://www.w3.org/2000/svg"" viewBox=""0 0 62 36""><circle cx=""9""  cy=""13"" r=""7"" fill=""none"" stroke=""#0081c8"" stroke-width=""2.5""/><circle cx=""23"" cy=""13"" r=""7"" fill=""none"" stroke=""#000""    stroke-width=""2.5""/><circle cx=""37"" cy=""13"" r=""7"" fill=""none"" stroke=""#ee334e"" stroke-width=""2.5""/><circle cx=""16"" cy=""23"" r=""7"" fill=""none"" stroke=""#fcb131"" stroke-width=""2.5""/><circle cx=""30"" cy=""23"" r=""7"" fill=""none"" stroke=""#00a651"" stroke-width=""2.5""/></svg>"
Guatemala City,Guatemala,113,1,14.64,-90.51,"<svg xmlns=""http://www.w3.org/2000/svg"" viewBox=""0 0 22 22""><polygon points=""3,10 13,10 13,7 19,11 13,15 13,12 3,12"" fill=""#0078d4"" transform=""rotate(10,11,11)""/></svg>"
Brisbane,Australia,113,2,-27.47,153.02,"<svg xmlns=""http://www.w3.org/2000/svg"" viewBox=""0 0 62 36""><circle cx=""9""  cy=""13"" r=""7"" fill=""none"" stroke=""#0081c8"" stroke-width=""2.5""/><circle cx=""23"" cy=""13"" r=""7"" fill=""none"" stroke=""#000""    stroke-width=""2.5""/><circle cx=""37"" cy=""13"" r=""7"" fill=""none"" stroke=""#ee334e"" stroke-width=""2.5""/><circle cx=""16"" cy=""23"" r=""7"" fill=""none"" stroke=""#fcb131"" stroke-width=""2.5""/><circle cx=""30"" cy=""23"" r=""7"" fill=""none"" stroke=""#00a651"" stroke-width=""2.5""/></svg>"
Tegucigalpa,Honduras,114,1,14.1,-87.21,"<svg xmlns=""http://www.w3.org/2000/svg"" viewBox=""0 0 22 22""><polygon points=""3,10 13,10 13,7 19,11 13,15 13,12 3,12"" fill=""#0078d4"" transform=""rotate(10,11,11)""/></svg>"
Brisbane,Australia,114,2,-27.47,153.02,"<svg xmlns=""http://www.w3.org/2000/svg"" viewBox=""0 0 62 36""><circle cx=""9""  cy=""13"" r=""7"" fill=""none"" stroke=""#0081c8"" stroke-width=""2.5""/><circle cx=""23"" cy=""13"" r=""7"" fill=""none"" stroke=""#000""    stroke-width=""2.5""/><circle cx=""37"" cy=""13"" r=""7"" fill=""none"" stroke=""#ee334e"" stroke-width=""2.5""/><circle cx=""16"" cy=""23"" r=""7"" fill=""none"" stroke=""#fcb131"" stroke-width=""2.5""/><circle cx=""30"" cy=""23"" r=""7"" fill=""none"" stroke=""#00a651"" stroke-width=""2.5""/></svg>"
Mexico City,Mexico,115,1,19.43,-99.13,"<svg xmlns=""http://www.w3.org/2000/svg"" viewBox=""0 0 22 22""><polygon points=""3,10 13,10 13,7 19,11 13,15 13,12 3,12"" fill=""#0078d4"" transform=""rotate(11,11,11)""/></svg>"
Brisbane,Australia,115,2,-27.47,153.02,"<svg xmlns=""http://www.w3.org/2000/svg"" viewBox=""0 0 62 36""><circle cx=""9""  cy=""13"" r=""7"" fill=""none"" stroke=""#0081c8"" stroke-width=""2.5""/><circle cx=""23"" cy=""13"" r=""7"" fill=""none"" stroke=""#000""    stroke-width=""2.5""/><circle cx=""37"" cy=""13"" r=""7"" fill=""none"" stroke=""#ee334e"" stroke-width=""2.5""/><circle cx=""16"" cy=""23"" r=""7"" fill=""none"" stroke=""#fcb131"" stroke-width=""2.5""/><circle cx=""30"" cy=""23"" r=""7"" fill=""none"" stroke=""#00a651"" stroke-width=""2.5""/></svg>"
Managua,Nicaragua,116,1,12.13,-86.29,"<svg xmlns=""http://www.w3.org/2000/svg"" viewBox=""0 0 22 22""><polygon points=""3,10 13,10 13,7 19,11 13,15 13,12 3,12"" fill=""#0078d4"" transform=""rotate(10,11,11)""/></svg>"
Brisbane,Australia,116,2,-27.47,153.02,"<svg xmlns=""http://www.w3.org/2000/svg"" viewBox=""0 0 62 36""><circle cx=""9""  cy=""13"" r=""7"" fill=""none"" stroke=""#0081c8"" stroke-width=""2.5""/><circle cx=""23"" cy=""13"" r=""7"" fill=""none"" stroke=""#000""    stroke-width=""2.5""/><circle cx=""37"" cy=""13"" r=""7"" fill=""none"" stroke=""#ee334e"" stroke-width=""2.5""/><circle cx=""16"" cy=""23"" r=""7"" fill=""none"" stroke=""#fcb131"" stroke-width=""2.5""/><circle cx=""30"" cy=""23"" r=""7"" fill=""none"" stroke=""#00a651"" stroke-width=""2.5""/></svg>"
Panama City,Panama,117,1,8.99,-79.52,"<svg xmlns=""http://www.w3.org/2000/svg"" viewBox=""0 0 22 22""><polygon points=""3,10 13,10 13,7 19,11 13,15 13,12 3,12"" fill=""#0078d4"" transform=""rotate(9,11,11)""/></svg>"
Brisbane,Australia,117,2,-27.47,153.02,"<svg xmlns=""http://www.w3.org/2000/svg"" viewBox=""0 0 62 36""><circle cx=""9""  cy=""13"" r=""7"" fill=""none"" stroke=""#0081c8"" stroke-width=""2.5""/><circle cx=""23"" cy=""13"" r=""7"" fill=""none"" stroke=""#000""    stroke-width=""2.5""/><circle cx=""37"" cy=""13"" r=""7"" fill=""none"" stroke=""#ee334e"" stroke-width=""2.5""/><circle cx=""16"" cy=""23"" r=""7"" fill=""none"" stroke=""#fcb131"" stroke-width=""2.5""/><circle cx=""30"" cy=""23"" r=""7"" fill=""none"" stroke=""#00a651"" stroke-width=""2.5""/></svg>"
Washington D.C.,United States,118,1,38.91,-77.04,"<svg xmlns=""http://www.w3.org/2000/svg"" viewBox=""0 0 22 22""><polygon points=""3,10 13,10 13,7 19,11 13,15 13,12 3,12"" fill=""#0078d4"" transform=""rotate(17,11,11)""/></svg>"
Brisbane,Australia,118,2,-27.47,153.02,"<svg xmlns=""http://www.w3.org/2000/svg"" viewBox=""0 0 62 36""><circle cx=""9""  cy=""13"" r=""7"" fill=""none"" stroke=""#0081c8"" stroke-width=""2.5""/><circle cx=""23"" cy=""13"" r=""7"" fill=""none"" stroke=""#000""    stroke-width=""2.5""/><circle cx=""37"" cy=""13"" r=""7"" fill=""none"" stroke=""#ee334e"" stroke-width=""2.5""/><circle cx=""16"" cy=""23"" r=""7"" fill=""none"" stroke=""#fcb131"" stroke-width=""2.5""/><circle cx=""30"" cy=""23"" r=""7"" fill=""none"" stroke=""#00a651"" stroke-width=""2.5""/></svg>"
Buenos Aires,Argentina,119,1,-34.61,-58.38,"<svg xmlns=""http://www.w3.org/2000/svg"" viewBox=""0 0 22 22""><polygon points=""3,10 13,10 13,7 19,11 13,15 13,12 3,12"" fill=""#0078d4"" transform=""rotate(-2,11,11)""/></svg>"
Brisbane,Australia,119,2,-27.47,153.02,"<svg xmlns=""http://www.w3.org/2000/svg"" viewBox=""0 0 62 36""><circle cx=""9""  cy=""13"" r=""7"" fill=""none"" stroke=""#0081c8"" stroke-width=""2.5""/><circle cx=""23"" cy=""13"" r=""7"" fill=""none"" stroke=""#000""    stroke-width=""2.5""/><circle cx=""37"" cy=""13"" r=""7"" fill=""none"" stroke=""#ee334e"" stroke-width=""2.5""/><circle cx=""16"" cy=""23"" r=""7"" fill=""none"" stroke=""#fcb131"" stroke-width=""2.5""/><circle cx=""30"" cy=""23"" r=""7"" fill=""none"" stroke=""#00a651"" stroke-width=""2.5""/></svg>"
Sucre,Bolivia,120,1,-19.04,-65.26,"<svg xmlns=""http://www.w3.org/2000/svg"" viewBox=""0 0 22 22""><polygon points=""3,10 13,10 13,7 19,11 13,15 13,12 3,12"" fill=""#0078d4"" transform=""rotate(2,11,11)""/></svg>"
Brisbane,Australia,120,2,-27.47,153.02,"<svg xmlns=""http://www.w3.org/2000/svg"" viewBox=""0 0 62 36""><circle cx=""9""  cy=""13"" r=""7"" fill=""none"" stroke=""#0081c8"" stroke-width=""2.5""/><circle cx=""23"" cy=""13"" r=""7"" fill=""none"" stroke=""#000""    stroke-width=""2.5""/><circle cx=""37"" cy=""13"" r=""7"" fill=""none"" stroke=""#ee334e"" stroke-width=""2.5""/><circle cx=""16"" cy=""23"" r=""7"" fill=""none"" stroke=""#fcb131"" stroke-width=""2.5""/><circle cx=""30"" cy=""23"" r=""7"" fill=""none"" stroke=""#00a651"" stroke-width=""2.5""/></svg>"
Brasília,Brazil,121,1,-15.78,-47.92,"<svg xmlns=""http://www.w3.org/2000/svg"" viewBox=""0 0 22 22""><polygon points=""3,10 13,10 13,7 19,11 13,15 13,12 3,12"" fill=""#0078d4"" transform=""rotate(4,11,11)""/></svg>"
Brisbane,Australia,121,2,-27.47,153.02,"<svg xmlns=""http://www.w3.org/2000/svg"" viewBox=""0 0 62 36""><circle cx=""9""  cy=""13"" r=""7"" fill=""none"" stroke=""#0081c8"" stroke-width=""2.5""/><circle cx=""23"" cy=""13"" r=""7"" fill=""none"" stroke=""#000""    stroke-width=""2.5""/><circle cx=""37"" cy=""13"" r=""7"" fill=""none"" stroke=""#ee334e"" stroke-width=""2.5""/><circle cx=""16"" cy=""23"" r=""7"" fill=""none"" stroke=""#fcb131"" stroke-width=""2.5""/><circle cx=""30"" cy=""23"" r=""7"" fill=""none"" stroke=""#00a651"" stroke-width=""2.5""/></svg>"
Santiago,Chile,122,1,-33.46,-70.65,"<svg xmlns=""http://www.w3.org/2000/svg"" viewBox=""0 0 22 22""><polygon points=""3,10 13,10 13,7 19,11 13,15 13,12 3,12"" fill=""#0078d4"" transform=""rotate(-2,11,11)""/></svg>"
Brisbane,Australia,122,2,-27.47,153.02,"<svg xmlns=""http://www.w3.org/2000/svg"" viewBox=""0 0 62 36""><circle cx=""9""  cy=""13"" r=""7"" fill=""none"" stroke=""#0081c8"" stroke-width=""2.5""/><circle cx=""23"" cy=""13"" r=""7"" fill=""none"" stroke=""#000""    stroke-width=""2.5""/><circle cx=""37"" cy=""13"" r=""7"" fill=""none"" stroke=""#ee334e"" stroke-width=""2.5""/><circle cx=""16"" cy=""23"" r=""7"" fill=""none"" stroke=""#fcb131"" stroke-width=""2.5""/><circle cx=""30"" cy=""23"" r=""7"" fill=""none"" stroke=""#00a651"" stroke-width=""2.5""/></svg>"
Bogotá,Colombia,123,1,4.71,-74.07,"<svg xmlns=""http://www.w3.org/2000/svg"" viewBox=""0 0 22 22""><polygon points=""3,10 13,10 13,7 19,11 13,15 13,12 3,12"" fill=""#0078d4"" transform=""rotate(8,11,11)""/></svg>"
Brisbane,Australia,123,2,-27.47,153.02,"<svg xmlns=""http://www.w3.org/2000/svg"" viewBox=""0 0 62 36""><circle cx=""9""  cy=""13"" r=""7"" fill=""none"" stroke=""#0081c8"" stroke-width=""2.5""/><circle cx=""23"" cy=""13"" r=""7"" fill=""none"" stroke=""#000""    stroke-width=""2.5""/><circle cx=""37"" cy=""13"" r=""7"" fill=""none"" stroke=""#ee334e"" stroke-width=""2.5""/><circle cx=""16"" cy=""23"" r=""7"" fill=""none"" stroke=""#fcb131"" stroke-width=""2.5""/><circle cx=""30"" cy=""23"" r=""7"" fill=""none"" stroke=""#00a651"" stroke-width=""2.5""/></svg>"
Quito,Ecuador,124,1,-0.23,-78.52,"<svg xmlns=""http://www.w3.org/2000/svg"" viewBox=""0 0 22 22""><polygon points=""3,10 13,10 13,7 19,11 13,15 13,12 3,12"" fill=""#0078d4"" transform=""rotate(7,11,11)""/></svg>"
Brisbane,Australia,124,2,-27.47,153.02,"<svg xmlns=""http://www.w3.org/2000/svg"" viewBox=""0 0 62 36""><circle cx=""9""  cy=""13"" r=""7"" fill=""none"" stroke=""#0081c8"" stroke-width=""2.5""/><circle cx=""23"" cy=""13"" r=""7"" fill=""none"" stroke=""#000""    stroke-width=""2.5""/><circle cx=""37"" cy=""13"" r=""7"" fill=""none"" stroke=""#ee334e"" stroke-width=""2.5""/><circle cx=""16"" cy=""23"" r=""7"" fill=""none"" stroke=""#fcb131"" stroke-width=""2.5""/><circle cx=""30"" cy=""23"" r=""7"" fill=""none"" stroke=""#00a651"" stroke-width=""2.5""/></svg>"
Georgetown,Guyana,125,1,6.8,-58.16,"<svg xmlns=""http://www.w3.org/2000/svg"" viewBox=""0 0 22 22""><polygon points=""3,10 13,10 13,7 19,11 13,15 13,12 3,12"" fill=""#0078d4"" transform=""rotate(10,11,11)""/></svg>"
Brisbane,Australia,125,2,-27.47,153.02,"<svg xmlns=""http://www.w3.org/2000/svg"" viewBox=""0 0 62 36""><circle cx=""9""  cy=""13"" r=""7"" fill=""none"" stroke=""#0081c8"" stroke-width=""2.5""/><circle cx=""23"" cy=""13"" r=""7"" fill=""none"" stroke=""#000""    stroke-width=""2.5""/><circle cx=""37"" cy=""13"" r=""7"" fill=""none"" stroke=""#ee334e"" stroke-width=""2.5""/><circle cx=""16"" cy=""23"" r=""7"" fill=""none"" stroke=""#fcb131"" stroke-width=""2.5""/><circle cx=""30"" cy=""23"" r=""7"" fill=""none"" stroke=""#00a651"" stroke-width=""2.5""/></svg>"
Asunción,Paraguay,126,1,-25.29,-57.65,"<svg xmlns=""http://www.w3.org/2000/svg"" viewBox=""0 0 22 22""><polygon points=""3,10 13,10 13,7 19,11 13,15 13,12 3,12"" fill=""#0078d4"" transform=""rotate(1,11,11)""/></svg>"
Brisbane,Australia,126,2,-27.47,153.02,"<svg xmlns=""http://www.w3.org/2000/svg"" viewBox=""0 0 62 36""><circle cx=""9""  cy=""13"" r=""7"" fill=""none"" stroke=""#0081c8"" stroke-width=""2.5""/><circle cx=""23"" cy=""13"" r=""7"" fill=""none"" stroke=""#000""    stroke-width=""2.5""/><circle cx=""37"" cy=""13"" r=""7"" fill=""none"" stroke=""#ee334e"" stroke-width=""2.5""/><circle cx=""16"" cy=""23"" r=""7"" fill=""none"" stroke=""#fcb131"" stroke-width=""2.5""/><circle cx=""30"" cy=""23"" r=""7"" fill=""none"" stroke=""#00a651"" stroke-width=""2.5""/></svg>"
Lima,Peru,127,1,-12.04,-77.03,"<svg xmlns=""http://www.w3.org/2000/svg"" viewBox=""0 0 22 22""><polygon points=""3,10 13,10 13,7 19,11 13,15 13,12 3,12"" fill=""#0078d4"" transform=""rotate(4,11,11)""/></svg>"
Brisbane,Australia,127,2,-27.47,153.02,"<svg xmlns=""http://www.w3.org/2000/svg"" viewBox=""0 0 62 36""><circle cx=""9""  cy=""13"" r=""7"" fill=""none"" stroke=""#0081c8"" stroke-width=""2.5""/><circle cx=""23"" cy=""13"" r=""7"" fill=""none"" stroke=""#000""    stroke-width=""2.5""/><circle cx=""37"" cy=""13"" r=""7"" fill=""none"" stroke=""#ee334e"" stroke-width=""2.5""/><circle cx=""16"" cy=""23"" r=""7"" fill=""none"" stroke=""#fcb131"" stroke-width=""2.5""/><circle cx=""30"" cy=""23"" r=""7"" fill=""none"" stroke=""#00a651"" stroke-width=""2.5""/></svg>"
Paramaribo,Suriname,128,1,5.85,-55.2,"<svg xmlns=""http://www.w3.org/2000/svg"" viewBox=""0 0 22 22""><polygon points=""3,10 13,10 13,7 19,11 13,15 13,12 3,12"" fill=""#0078d4"" transform=""rotate(9,11,11)""/></svg>"
Brisbane,Australia,128,2,-27.47,153.02,"<svg xmlns=""http://www.w3.org/2000/svg"" viewBox=""0 0 62 36""><circle cx=""9""  cy=""13"" r=""7"" fill=""none"" stroke=""#0081c8"" stroke-width=""2.5""/><circle cx=""23"" cy=""13"" r=""7"" fill=""none"" stroke=""#000""    stroke-width=""2.5""/><circle cx=""37"" cy=""13"" r=""7"" fill=""none"" stroke=""#ee334e"" stroke-width=""2.5""/><circle cx=""16"" cy=""23"" r=""7"" fill=""none"" stroke=""#fcb131"" stroke-width=""2.5""/><circle cx=""30"" cy=""23"" r=""7"" fill=""none"" stroke=""#00a651"" stroke-width=""2.5""/></svg>"
Montevideo,Uruguay,129,1,-34.9,-56.19,"<svg xmlns=""http://www.w3.org/2000/svg"" viewBox=""0 0 22 22""><polygon points=""3,10 13,10 13,7 19,11 13,15 13,12 3,12"" fill=""#0078d4"" transform=""rotate(-2,11,11)""/></svg>"
Brisbane,Australia,129,2,-27.47,153.02,"<svg xmlns=""http://www.w3.org/2000/svg"" viewBox=""0 0 62 36""><circle cx=""9""  cy=""13"" r=""7"" fill=""none"" stroke=""#0081c8"" stroke-width=""2.5""/><circle cx=""23"" cy=""13"" r=""7"" fill=""none"" stroke=""#000""    stroke-width=""2.5""/><circle cx=""37"" cy=""13"" r=""7"" fill=""none"" stroke=""#ee334e"" stroke-width=""2.5""/><circle cx=""16"" cy=""23"" r=""7"" fill=""none"" stroke=""#fcb131"" stroke-width=""2.5""/><circle cx=""30"" cy=""23"" r=""7"" fill=""none"" stroke=""#00a651"" stroke-width=""2.5""/></svg>"
Caracas,Venezuela,130,1,10.48,-66.88,"<svg xmlns=""http://www.w3.org/2000/svg"" viewBox=""0 0 22 22""><polygon points=""3,10 13,10 13,7 19,11 13,15 13,12 3,12"" fill=""#0078d4"" transform=""rotate(10,11,11)""/></svg>"
Brisbane,Australia,130,2,-27.47,153.02,"<svg xmlns=""http://www.w3.org/2000/svg"" viewBox=""0 0 62 36""><circle cx=""9""  cy=""13"" r=""7"" fill=""none"" stroke=""#0081c8"" stroke-width=""2.5""/><circle cx=""23"" cy=""13"" r=""7"" fill=""none"" stroke=""#000""    stroke-width=""2.5""/><circle cx=""37"" cy=""13"" r=""7"" fill=""none"" stroke=""#ee334e"" stroke-width=""2.5""/><circle cx=""16"" cy=""23"" r=""7"" fill=""none"" stroke=""#fcb131"" stroke-width=""2.5""/><circle cx=""30"" cy=""23"" r=""7"" fill=""none"" stroke=""#00a651"" stroke-width=""2.5""/></svg>"
Canberra,Australia,131,1,-35.31,149.12,"<svg xmlns=""http://www.w3.org/2000/svg"" viewBox=""0 0 22 22""><polygon points=""3,10 13,10 13,7 19,11 13,15 13,12 3,12"" fill=""#0078d4"" transform=""rotate(-67,11,11)""/></svg>"
Brisbane,Australia,131,2,-27.47,153.02,"<svg xmlns=""http://www.w3.org/2000/svg"" viewBox=""0 0 62 36""><circle cx=""9""  cy=""13"" r=""7"" fill=""none"" stroke=""#0081c8"" stroke-width=""2.5""/><circle cx=""23"" cy=""13"" r=""7"" fill=""none"" stroke=""#000""    stroke-width=""2.5""/><circle cx=""37"" cy=""13"" r=""7"" fill=""none"" stroke=""#ee334e"" stroke-width=""2.5""/><circle cx=""16"" cy=""23"" r=""7"" fill=""none"" stroke=""#fcb131"" stroke-width=""2.5""/><circle cx=""30"" cy=""23"" r=""7"" fill=""none"" stroke=""#00a651"" stroke-width=""2.5""/></svg>"
Suva,Fiji,132,1,-18.14,178.44,"<svg xmlns=""http://www.w3.org/2000/svg"" viewBox=""0 0 22 22""><polygon points=""3,10 13,10 13,7 19,11 13,15 13,12 3,12"" fill=""#0078d4"" transform=""rotate(158,11,11)""/></svg>"
Brisbane,Australia,132,2,-27.47,153.02,"<svg xmlns=""http://www.w3.org/2000/svg"" viewBox=""0 0 62 36""><circle cx=""9""  cy=""13"" r=""7"" fill=""none"" stroke=""#0081c8"" stroke-width=""2.5""/><circle cx=""23"" cy=""13"" r=""7"" fill=""none"" stroke=""#000""    stroke-width=""2.5""/><circle cx=""37"" cy=""13"" r=""7"" fill=""none"" stroke=""#ee334e"" stroke-width=""2.5""/><circle cx=""16"" cy=""23"" r=""7"" fill=""none"" stroke=""#fcb131"" stroke-width=""2.5""/><circle cx=""30"" cy=""23"" r=""7"" fill=""none"" stroke=""#00a651"" stroke-width=""2.5""/></svg>"
South Tarawa,Kiribati,133,1,1.33,172.98,"<svg xmlns=""http://www.w3.org/2000/svg"" viewBox=""0 0 22 22""><polygon points=""3,10 13,10 13,7 19,11 13,15 13,12 3,12"" fill=""#0078d4"" transform=""rotate(124,11,11)""/></svg>"
Brisbane,Australia,133,2,-27.47,153.02,"<svg xmlns=""http://www.w3.org/2000/svg"" viewBox=""0 0 62 36""><circle cx=""9""  cy=""13"" r=""7"" fill=""none"" stroke=""#0081c8"" stroke-width=""2.5""/><circle cx=""23"" cy=""13"" r=""7"" fill=""none"" stroke=""#000""    stroke-width=""2.5""/><circle cx=""37"" cy=""13"" r=""7"" fill=""none"" stroke=""#ee334e"" stroke-width=""2.5""/><circle cx=""16"" cy=""23"" r=""7"" fill=""none"" stroke=""#fcb131"" stroke-width=""2.5""/><circle cx=""30"" cy=""23"" r=""7"" fill=""none"" stroke=""#00a651"" stroke-width=""2.5""/></svg>"
Majuro,Marshall Islands,134,1,7.09,171.38,"<svg xmlns=""http://www.w3.org/2000/svg"" viewBox=""0 0 22 22""><polygon points=""3,10 13,10 13,7 19,11 13,15 13,12 3,12"" fill=""#0078d4"" transform=""rotate(117,11,11)""/></svg>"
Brisbane,Australia,134,2,-27.47,153.02,"<svg xmlns=""http://www.w3.org/2000/svg"" viewBox=""0 0 62 36""><circle cx=""9""  cy=""13"" r=""7"" fill=""none"" stroke=""#0081c8"" stroke-width=""2.5""/><circle cx=""23"" cy=""13"" r=""7"" fill=""none"" stroke=""#000""    stroke-width=""2.5""/><circle cx=""37"" cy=""13"" r=""7"" fill=""none"" stroke=""#ee334e"" stroke-width=""2.5""/><circle cx=""16"" cy=""23"" r=""7"" fill=""none"" stroke=""#fcb131"" stroke-width=""2.5""/><circle cx=""30"" cy=""23"" r=""7"" fill=""none"" stroke=""#00a651"" stroke-width=""2.5""/></svg>"
Palikir,Micronesia,135,1,6.92,158.16,"<svg xmlns=""http://www.w3.org/2000/svg"" viewBox=""0 0 22 22""><polygon points=""3,10 13,10 13,7 19,11 13,15 13,12 3,12"" fill=""#0078d4"" transform=""rotate(98,11,11)""/></svg>"
Brisbane,Australia,135,2,-27.47,153.02,"<svg xmlns=""http://www.w3.org/2000/svg"" viewBox=""0 0 62 36""><circle cx=""9""  cy=""13"" r=""7"" fill=""none"" stroke=""#0081c8"" stroke-width=""2.5""/><circle cx=""23"" cy=""13"" r=""7"" fill=""none"" stroke=""#000""    stroke-width=""2.5""/><circle cx=""37"" cy=""13"" r=""7"" fill=""none"" stroke=""#ee334e"" stroke-width=""2.5""/><circle cx=""16"" cy=""23"" r=""7"" fill=""none"" stroke=""#fcb131"" stroke-width=""2.5""/><circle cx=""30"" cy=""23"" r=""7"" fill=""none"" stroke=""#00a651"" stroke-width=""2.5""/></svg>"
Yaren,Nauru,136,1,-0.55,166.92,"<svg xmlns=""http://www.w3.org/2000/svg"" viewBox=""0 0 22 22""><polygon points=""3,10 13,10 13,7 19,11 13,15 13,12 3,12"" fill=""#0078d4"" transform=""rotate(116,11,11)""/></svg>"
Brisbane,Australia,136,2,-27.47,153.02,"<svg xmlns=""http://www.w3.org/2000/svg"" viewBox=""0 0 62 36""><circle cx=""9""  cy=""13"" r=""7"" fill=""none"" stroke=""#0081c8"" stroke-width=""2.5""/><circle cx=""23"" cy=""13"" r=""7"" fill=""none"" stroke=""#000""    stroke-width=""2.5""/><circle cx=""37"" cy=""13"" r=""7"" fill=""none"" stroke=""#ee334e"" stroke-width=""2.5""/><circle cx=""16"" cy=""23"" r=""7"" fill=""none"" stroke=""#fcb131"" stroke-width=""2.5""/><circle cx=""30"" cy=""23"" r=""7"" fill=""none"" stroke=""#00a651"" stroke-width=""2.5""/></svg>"
Wellington,New Zealand,137,1,-41.29,174.78,"<svg xmlns=""http://www.w3.org/2000/svg"" viewBox=""0 0 22 22""><polygon points=""3,10 13,10 13,7 19,11 13,15 13,12 3,12"" fill=""#0078d4"" transform=""rotate(-142,11,11)""/></svg>"
Brisbane,Australia,137,2,-27.47,153.02,"<svg xmlns=""http://www.w3.org/2000/svg"" viewBox=""0 0 62 36""><circle cx=""9""  cy=""13"" r=""7"" fill=""none"" stroke=""#0081c8"" stroke-width=""2.5""/><circle cx=""23"" cy=""13"" r=""7"" fill=""none"" stroke=""#000""    stroke-width=""2.5""/><circle cx=""37"" cy=""13"" r=""7"" fill=""none"" stroke=""#ee334e"" stroke-width=""2.5""/><circle cx=""16"" cy=""23"" r=""7"" fill=""none"" stroke=""#fcb131"" stroke-width=""2.5""/><circle cx=""30"" cy=""23"" r=""7"" fill=""none"" stroke=""#00a651"" stroke-width=""2.5""/></svg>"
Ngerulmud,Palau,138,1,7.5,134.64,"<svg xmlns=""http://www.w3.org/2000/svg"" viewBox=""0 0 22 22""><polygon points=""3,10 13,10 13,7 19,11 13,15 13,12 3,12"" fill=""#0078d4"" transform=""rotate(63,11,11)""/></svg>"
Brisbane,Australia,138,2,-27.47,153.02,"<svg xmlns=""http://www.w3.org/2000/svg"" viewBox=""0 0 62 36""><circle cx=""9""  cy=""13"" r=""7"" fill=""none"" stroke=""#0081c8"" stroke-width=""2.5""/><circle cx=""23"" cy=""13"" r=""7"" fill=""none"" stroke=""#000""    stroke-width=""2.5""/><circle cx=""37"" cy=""13"" r=""7"" fill=""none"" stroke=""#ee334e"" stroke-width=""2.5""/><circle cx=""16"" cy=""23"" r=""7"" fill=""none"" stroke=""#fcb131"" stroke-width=""2.5""/><circle cx=""30"" cy=""23"" r=""7"" fill=""none"" stroke=""#00a651"" stroke-width=""2.5""/></svg>"
Port Moresby,Papua New Guinea,139,1,-9.43,147.18,"<svg xmlns=""http://www.w3.org/2000/svg"" viewBox=""0 0 22 22""><polygon points=""3,10 13,10 13,7 19,11 13,15 13,12 3,12"" fill=""#0078d4"" transform=""rotate(73,11,11)""/></svg>"
Brisbane,Australia,139,2,-27.47,153.02,"<svg xmlns=""http://www.w3.org/2000/svg"" viewBox=""0 0 62 36""><circle cx=""9""  cy=""13"" r=""7"" fill=""none"" stroke=""#0081c8"" stroke-width=""2.5""/><circle cx=""23"" cy=""13"" r=""7"" fill=""none"" stroke=""#000""    stroke-width=""2.5""/><circle cx=""37"" cy=""13"" r=""7"" fill=""none"" stroke=""#ee334e"" stroke-width=""2.5""/><circle cx=""16"" cy=""23"" r=""7"" fill=""none"" stroke=""#fcb131"" stroke-width=""2.5""/><circle cx=""30"" cy=""23"" r=""7"" fill=""none"" stroke=""#00a651"" stroke-width=""2.5""/></svg>"
Honiara,Solomon Islands,140,1,-9.43,159.95,"<svg xmlns=""http://www.w3.org/2000/svg"" viewBox=""0 0 22 22""><polygon points=""3,10 13,10 13,7 19,11 13,15 13,12 3,12"" fill=""#0078d4"" transform=""rotate(110,11,11)""/></svg>"
Brisbane,Australia,140,2,-27.47,153.02,"<svg xmlns=""http://www.w3.org/2000/svg"" viewBox=""0 0 62 36""><circle cx=""9""  cy=""13"" r=""7"" fill=""none"" stroke=""#0081c8"" stroke-width=""2.5""/><circle cx=""23"" cy=""13"" r=""7"" fill=""none"" stroke=""#000""    stroke-width=""2.5""/><circle cx=""37"" cy=""13"" r=""7"" fill=""none"" stroke=""#ee334e"" stroke-width=""2.5""/><circle cx=""16"" cy=""23"" r=""7"" fill=""none"" stroke=""#fcb131"" stroke-width=""2.5""/><circle cx=""30"" cy=""23"" r=""7"" fill=""none"" stroke=""#00a651"" stroke-width=""2.5""/></svg>"
Funafuti,Tuvalu,141,1,-8.52,179.22,"<svg xmlns=""http://www.w3.org/2000/svg"" viewBox=""0 0 22 22""><polygon points=""3,10 13,10 13,7 19,11 13,15 13,12 3,12"" fill=""#0078d4"" transform=""rotate(143,11,11)""/></svg>"
Brisbane,Australia,141,2,-27.47,153.02,"<svg xmlns=""http://www.w3.org/2000/svg"" viewBox=""0 0 62 36""><circle cx=""9""  cy=""13"" r=""7"" fill=""none"" stroke=""#0081c8"" stroke-width=""2.5""/><circle cx=""23"" cy=""13"" r=""7"" fill=""none"" stroke=""#000""    stroke-width=""2.5""/><circle cx=""37"" cy=""13"" r=""7"" fill=""none"" stroke=""#ee334e"" stroke-width=""2.5""/><circle cx=""16"" cy=""23"" r=""7"" fill=""none"" stroke=""#fcb131"" stroke-width=""2.5""/><circle cx=""30"" cy=""23"" r=""7"" fill=""none"" stroke=""#00a651"" stroke-width=""2.5""/></svg>"
Port Vila,Vanuatu,142,1,-17.74,168.33,"<svg xmlns=""http://www.w3.org/2000/svg"" viewBox=""0 0 22 22""><polygon points=""3,10 13,10 13,7 19,11 13,15 13,12 3,12"" fill=""#0078d4"" transform=""rotate(145,11,11)""/></svg>"
Brisbane,Australia,142,2,-27.47,153.02,"<svg xmlns=""http://www.w3.org/2000/svg"" viewBox=""0 0 62 36""><circle cx=""9""  cy=""13"" r=""7"" fill=""none"" stroke=""#0081c8"" stroke-width=""2.5""/><circle cx=""23"" cy=""13"" r=""7"" fill=""none"" stroke=""#000""    stroke-width=""2.5""/><circle cx=""37"" cy=""13"" r=""7"" fill=""none"" stroke=""#ee334e"" stroke-width=""2.5""/><circle cx=""16"" cy=""23"" r=""7"" fill=""none"" stroke=""#fcb131"" stroke-width=""2.5""/><circle cx=""30"" cy=""23"" r=""7"" fill=""none"" stroke=""#00a651"" stroke-width=""2.5""/></svg>"
